name,email,age,status,accountId
Patricia Davis,patricia.davis0@example.com,40,active,acc_003
Patricia Garcia,patricia.garcia1@example.com,50,active,acc_003
Robert Jones,robert.jones2@example.com,60,inactive,acc_001
William Martinez,william.martinez3@example.com,63,inactive,acc_001
David Johnson,david.johnson4@example.com,30,pending,acc_003
Barbara Martinez,barbara.martinez5@example.com,61,pending,acc_003
William Williams,william.williams6@example.com,28,pending,acc_001
Jennifer Davis,jennifer.davis7@example.com,62,active,acc_001
Elizabeth Rodriguez,elizabeth.rodriguez8@example.com,38,active,acc_001
James Smith,james.smith9@example.com,40,inactive,acc_003
Linda Martinez,linda.martinez10@example.com,46,active,acc_001
David Miller,david.miller11@example.com,58,active,acc_002
William Smith,william.smith12@example.com,20,active,acc_002
Robert Williams,robert.williams13@example.com,26,pending,acc_001
Elizabeth Williams,elizabeth.williams14@example.com,48,pending,acc_003
Linda Davis,linda.davis15@example.com,39,pending,acc_003
William Brown,william.brown16@example.com,40,active,acc_003
John Brown,john.brown17@example.com,50,pending,acc_001
Patricia Johnson,patricia.johnson18@example.com,33,inactive,acc_001
William Johnson,william.johnson19@example.com,63,inactive,acc_003
Elizabeth Smith,elizabeth.smith20@example.com,46,active,acc_002
Jennifer Martinez,jennifer.martinez21@example.com,24,pending,acc_001
Barbara Smith,barbara.smith22@example.com,29,inactive,acc_003
Barbara Brown,barbara.brown23@example.com,38,inactive,acc_001
Elizabeth Miller,elizabeth.miller24@example.com,33,pending,acc_001
Elizabeth Brown,elizabeth.brown25@example.com,34,active,acc_002
Linda Martinez,linda.martinez26@example.com,32,active,acc_001
Barbara Brown,barbara.brown27@example.com,40,pending,acc_003
David Jones,david.jones28@example.com,52,inactive,acc_002
Barbara Jones,barbara.jones29@example.com,36,inactive,acc_001
Patricia Johnson,patricia.johnson30@example.com,44,pending,acc_003
William Rodriguez,william.rodriguez31@example.com,27,pending,acc_003
Michael Davis,michael.davis32@example.com,25,inactive,acc_001
Robert Miller,robert.miller33@example.com,47,pending,acc_002
Jennifer Brown,jennifer.brown34@example.com,61,pending,acc_001
William Martinez,william.martinez35@example.com,27,active,acc_002
Jennifer Smith,jennifer.smith36@example.com,55,active,acc_003
Patricia Johnson,patricia.johnson37@example.com,61,active,acc_001
Mary Johnson,mary.johnson38@example.com,53,active,acc_002
William Miller,william.miller39@example.com,42,active,acc_002
Linda Davis,linda.davis40@example.com,23,active,acc_002
David Jones,david.jones41@example.com,33,pending,acc_001
James Williams,james.williams42@example.com,65,inactive,acc_001
James Jones,james.jones43@example.com,35,inactive,acc_002
Barbara Rodriguez,barbara.rodriguez44@example.com,51,active,acc_003
David Miller,david.miller45@example.com,59,inactive,acc_003
Robert Brown,robert.brown46@example.com,40,inactive,acc_002
John Rodriguez,john.rodriguez47@example.com,36,active,acc_002
Patricia Martinez,patricia.martinez48@example.com,41,active,acc_003
William Rodriguez,william.rodriguez49@example.com,21,active,acc_002
Jennifer Martinez,jennifer.martinez50@example.com,67,inactive,acc_002
Linda Williams,linda.williams51@example.com,36,inactive,acc_003
Robert Davis,robert.davis52@example.com,20,pending,acc_002
David Williams,david.williams53@example.com,49,active,acc_001
Linda Jones,linda.jones54@example.com,26,pending,acc_003
William Smith,william.smith55@example.com,61,inactive,acc_001
James Smith,james.smith56@example.com,58,inactive,acc_002
Elizabeth Davis,elizabeth.davis57@example.com,32,active,acc_002
Robert Brown,robert.brown58@example.com,22,inactive,acc_001
Elizabeth Brown,elizabeth.brown59@example.com,29,active,acc_001
Barbara Garcia,barbara.garcia60@example.com,55,inactive,acc_003
Linda Brown,linda.brown61@example.com,55,pending,acc_002
Patricia Rodriguez,patricia.rodriguez62@example.com,38,pending,acc_001
Patricia Miller,patricia.miller63@example.com,65,inactive,acc_003
Michael Martinez,michael.martinez64@example.com,45,inactive,acc_003
Jennifer Jones,jennifer.jones65@example.com,42,pending,acc_003
Robert Jones,robert.jones66@example.com,20,inactive,acc_002
William Garcia,william.garcia67@example.com,47,pending,acc_001
Elizabeth Davis,elizabeth.davis68@example.com,30,active,acc_003
Mary Johnson,mary.johnson69@example.com,57,pending,acc_002
John Brown,john.brown70@example.com,62,active,acc_003
Linda Jones,linda.jones71@example.com,37,active,acc_002
Robert Brown,robert.brown72@example.com,40,active,acc_003
Barbara Martinez,barbara.martinez73@example.com,40,pending,acc_002
Barbara Miller,barbara.miller74@example.com,65,pending,acc_002
Mary Miller,mary.miller75@example.com,22,inactive,acc_002
Michael Smith,michael.smith76@example.com,53,pending,acc_002
David Brown,david.brown77@example.com,25,inactive,acc_001
Elizabeth Jones,elizabeth.jones78@example.com,34,active,acc_002
Mary Davis,mary.davis79@example.com,40,inactive,acc_002
Linda Garcia,linda.garcia80@example.com,48,inactive,acc_001
Mary Martinez,mary.martinez81@example.com,42,inactive,acc_001
David Rodriguez,david.rodriguez82@example.com,48,inactive,acc_002
William Miller,william.miller83@example.com,67,pending,acc_002
Michael Miller,michael.miller84@example.com,42,pending,acc_003
Patricia Smith,patricia.smith85@example.com,43,pending,acc_001
Elizabeth Williams,elizabeth.williams86@example.com,28,pending,acc_003
Elizabeth Johnson,elizabeth.johnson87@example.com,51,pending,acc_001
Linda Rodriguez,linda.rodriguez88@example.com,26,inactive,acc_002
Elizabeth Davis,elizabeth.davis89@example.com,33,inactive,acc_002
Mary Brown,mary.brown90@example.com,19,pending,acc_003
John Garcia,john.garcia91@example.com,25,pending,acc_003
Linda Miller,linda.miller92@example.com,34,pending,acc_001
Michael Williams,michael.williams93@example.com,26,pending,acc_002
Elizabeth Brown,elizabeth.brown94@example.com,48,inactive,acc_002
John Williams,john.williams95@example.com,19,pending,acc_001
Robert Johnson,robert.johnson96@example.com,20,pending,acc_002
Patricia Johnson,patricia.johnson97@example.com,28,pending,acc_003
William Davis,william.davis98@example.com,56,inactive,acc_001
Elizabeth Garcia,elizabeth.garcia99@example.com,52,inactive,acc_001
Mary Williams,mary.williams100@example.com,45,active,acc_001
James Rodriguez,james.rodriguez101@example.com,37,pending,acc_001
James Martinez,james.martinez102@example.com,45,inactive,acc_002
Patricia Williams,patricia.williams103@example.com,38,active,acc_002
Patricia Williams,patricia.williams104@example.com,41,active,acc_003
John Brown,john.brown105@example.com,65,pending,acc_003
David Martinez,david.martinez106@example.com,41,inactive,acc_003
William Johnson,william.johnson107@example.com,62,inactive,acc_001
Patricia Jones,patricia.jones108@example.com,56,active,acc_001
Robert Rodriguez,robert.rodriguez109@example.com,32,inactive,acc_002
Michael Brown,michael.brown110@example.com,51,inactive,acc_001
Mary Brown,mary.brown111@example.com,57,pending,acc_003
Elizabeth Jones,elizabeth.jones112@example.com,46,active,acc_002
John Brown,john.brown113@example.com,51,pending,acc_003
Elizabeth Smith,elizabeth.smith114@example.com,27,active,acc_003
Patricia Brown,patricia.brown115@example.com,66,inactive,acc_003
Mary Davis,mary.davis116@example.com,53,inactive,acc_003
Mary Davis,mary.davis117@example.com,50,active,acc_003
James Jones,james.jones118@example.com,66,pending,acc_001
Linda Miller,linda.miller119@example.com,25,active,acc_002
Patricia Jones,patricia.jones120@example.com,34,active,acc_002
Mary Williams,mary.williams121@example.com,38,pending,acc_003
Linda Miller,linda.miller122@example.com,43,pending,acc_002
John Jones,john.jones123@example.com,59,active,acc_001
Elizabeth Smith,elizabeth.smith124@example.com,56,inactive,acc_002
Mary Brown,mary.brown125@example.com,52,active,acc_001
William Rodriguez,william.rodriguez126@example.com,26,inactive,acc_001
Linda Smith,linda.smith127@example.com,61,inactive,acc_001
Elizabeth Williams,elizabeth.williams128@example.com,63,inactive,acc_001
John Smith,john.smith129@example.com,21,active,acc_002
Jennifer Brown,jennifer.brown130@example.com,64,pending,acc_002
James Davis,james.davis131@example.com,21,inactive,acc_001
James Smith,james.smith132@example.com,18,pending,acc_003
James Rodriguez,james.rodriguez133@example.com,49,active,acc_002
William Brown,william.brown134@example.com,19,pending,acc_001
David Martinez,david.martinez135@example.com,67,pending,acc_001
James Garcia,james.garcia136@example.com,32,inactive,acc_002
John Davis,john.davis137@example.com,21,inactive,acc_002
Michael Davis,michael.davis138@example.com,37,active,acc_003
Linda Smith,linda.smith139@example.com,62,pending,acc_001
Barbara Williams,barbara.williams140@example.com,40,inactive,acc_001
Elizabeth Davis,elizabeth.davis141@example.com,18,active,acc_003
Michael Rodriguez,michael.rodriguez142@example.com,52,active,acc_002
Elizabeth Brown,elizabeth.brown143@example.com,34,active,acc_002
Michael Martinez,michael.martinez144@example.com,38,pending,acc_002
Michael Martinez,michael.martinez145@example.com,33,pending,acc_001
Barbara Garcia,barbara.garcia146@example.com,18,pending,acc_002
David Rodriguez,david.rodriguez147@example.com,65,pending,acc_002
William Smith,william.smith148@example.com,55,pending,acc_003
Robert Martinez,robert.martinez149@example.com,58,pending,acc_001
Michael Johnson,michael.johnson150@example.com,38,inactive,acc_002
Jennifer Miller,jennifer.miller151@example.com,19,inactive,acc_003
Jennifer Garcia,jennifer.garcia152@example.com,66,inactive,acc_002
James Martinez,james.martinez153@example.com,44,pending,acc_003
James Johnson,james.johnson154@example.com,44,pending,acc_003
David Garcia,david.garcia155@example.com,55,active,acc_001
John Johnson,john.johnson156@example.com,64,active,acc_003
Mary Smith,mary.smith157@example.com,37,pending,acc_002
Mary Jones,mary.jones158@example.com,40,inactive,acc_003
Robert Davis,robert.davis159@example.com,31,inactive,acc_001
Jennifer Miller,jennifer.miller160@example.com,40,active,acc_002
Michael Davis,michael.davis161@example.com,54,inactive,acc_001
Mary Smith,mary.smith162@example.com,46,pending,acc_001
Linda Davis,linda.davis163@example.com,67,inactive,acc_001
James Martinez,james.martinez164@example.com,25,pending,acc_003
Robert Williams,robert.williams165@example.com,43,pending,acc_003
Jennifer Miller,jennifer.miller166@example.com,65,pending,acc_002
Jennifer Martinez,jennifer.martinez167@example.com,48,pending,acc_001
Elizabeth Smith,elizabeth.smith168@example.com,46,inactive,acc_003
Linda Williams,linda.williams169@example.com,19,inactive,acc_003
Elizabeth Johnson,elizabeth.johnson170@example.com,63,inactive,acc_001
Linda Davis,linda.davis171@example.com,38,pending,acc_002
Robert Jones,robert.jones172@example.com,37,pending,acc_003
David Garcia,david.garcia173@example.com,21,inactive,acc_001
Mary Williams,mary.williams174@example.com,43,active,acc_002
John Rodriguez,john.rodriguez175@example.com,58,inactive,acc_002
Linda Garcia,linda.garcia176@example.com,58,active,acc_002
John Garcia,john.garcia177@example.com,47,pending,acc_003
James Johnson,james.johnson178@example.com,50,pending,acc_002
Linda Miller,linda.miller179@example.com,43,pending,acc_001
Patricia Miller,patricia.miller180@example.com,34,inactive,acc_003
Robert Johnson,robert.johnson181@example.com,52,active,acc_002
David Garcia,david.garcia182@example.com,59,inactive,acc_002
Patricia Brown,patricia.brown183@example.com,53,inactive,acc_001
William Brown,william.brown184@example.com,46,active,acc_002
Robert Rodriguez,robert.rodriguez185@example.com,23,active,acc_001
Elizabeth Jones,elizabeth.jones186@example.com,39,active,acc_001
Michael Davis,michael.davis187@example.com,34,pending,acc_003
Elizabeth Martinez,elizabeth.martinez188@example.com,22,pending,acc_002
Mary Garcia,mary.garcia189@example.com,64,pending,acc_002
Barbara Martinez,barbara.martinez190@example.com,38,inactive,acc_003
Michael Johnson,michael.johnson191@example.com,61,inactive,acc_002
Linda Martinez,linda.martinez192@example.com,44,inactive,acc_002
John Miller,john.miller193@example.com,51,inactive,acc_002
Linda Smith,linda.smith194@example.com,62,inactive,acc_002
Patricia Smith,patricia.smith195@example.com,34,active,acc_003
Robert Jones,robert.jones196@example.com,51,active,acc_001
Barbara Smith,barbara.smith197@example.com,61,active,acc_001
Michael Martinez,michael.martinez198@example.com,58,pending,acc_003
Barbara Jones,barbara.jones199@example.com,41,active,acc_001
Robert Johnson,robert.johnson200@example.com,67,inactive,acc_002
James Jones,james.jones201@example.com,63,inactive,acc_003
David Williams,david.williams202@example.com,34,inactive,acc_001
Robert Jones,robert.jones203@example.com,18,inactive,acc_001
Mary Davis,mary.davis204@example.com,30,active,acc_001
David Davis,david.davis205@example.com,52,active,acc_003
David Davis,david.davis206@example.com,45,inactive,acc_001
Robert Martinez,robert.martinez207@example.com,22,inactive,acc_003
Mary Williams,mary.williams208@example.com,39,active,acc_002
Linda Martinez,linda.martinez209@example.com,30,inactive,acc_001
John Smith,john.smith210@example.com,31,active,acc_002
David Garcia,david.garcia211@example.com,25,active,acc_003
Michael Garcia,michael.garcia212@example.com,27,inactive,acc_001
Robert Smith,robert.smith213@example.com,59,inactive,acc_001
Jennifer Smith,jennifer.smith214@example.com,62,pending,acc_001
David Garcia,david.garcia215@example.com,57,active,acc_002
Mary Brown,mary.brown216@example.com,38,pending,acc_003
Patricia Rodriguez,patricia.rodriguez217@example.com,53,active,acc_002
James Williams,james.williams218@example.com,19,pending,acc_001
James Johnson,james.johnson219@example.com,36,pending,acc_001
Robert Smith,robert.smith220@example.com,34,active,acc_002
Jennifer Rodriguez,jennifer.rodriguez221@example.com,54,inactive,acc_001
Elizabeth Davis,elizabeth.davis222@example.com,41,inactive,acc_001
Michael Garcia,michael.garcia223@example.com,57,inactive,acc_003
Barbara Johnson,barbara.johnson224@example.com,29,pending,acc_002
Jennifer Garcia,jennifer.garcia225@example.com,40,inactive,acc_002
James Jones,james.jones226@example.com,18,inactive,acc_003
Barbara Williams,barbara.williams227@example.com,67,pending,acc_003
Mary Williams,mary.williams228@example.com,66,active,acc_002
James Smith,james.smith229@example.com,30,active,acc_001
Michael Smith,michael.smith230@example.com,36,active,acc_001
Linda Brown,linda.brown231@example.com,25,inactive,acc_001
James Martinez,james.martinez232@example.com,34,inactive,acc_001
Jennifer Miller,jennifer.miller233@example.com,58,inactive,acc_003
Barbara Williams,barbara.williams234@example.com,36,pending,acc_001
Michael Rodriguez,michael.rodriguez235@example.com,56,active,acc_002
Robert Martinez,robert.martinez236@example.com,25,active,acc_003
Jennifer Smith,jennifer.smith237@example.com,62,pending,acc_002
William Miller,william.miller238@example.com,55,active,acc_003
Robert Williams,robert.williams239@example.com,35,active,acc_002
Elizabeth Williams,elizabeth.williams240@example.com,64,inactive,acc_002
Michael Davis,michael.davis241@example.com,29,pending,acc_001
Robert Jones,robert.jones242@example.com,29,pending,acc_003
James Williams,james.williams243@example.com,39,active,acc_002
Mary Jones,mary.jones244@example.com,23,pending,acc_002
Linda Jones,linda.jones245@example.com,26,pending,acc_001
Patricia Smith,patricia.smith246@example.com,37,inactive,acc_001
John Martinez,john.martinez247@example.com,48,pending,acc_002
Linda Martinez,linda.martinez248@example.com,37,pending,acc_003
David Martinez,david.martinez249@example.com,60,inactive,acc_002
Elizabeth Garcia,elizabeth.garcia250@example.com,60,pending,acc_003
William Rodriguez,william.rodriguez251@example.com,36,active,acc_001
Michael Miller,michael.miller252@example.com,67,inactive,acc_001
Robert Johnson,robert.johnson253@example.com,34,active,acc_002
David Martinez,david.martinez254@example.com,66,inactive,acc_003
Jennifer Martinez,jennifer.martinez255@example.com,58,pending,acc_003
David Johnson,david.johnson256@example.com,25,inactive,acc_001
Linda Martinez,linda.martinez257@example.com,67,active,acc_002
Mary Jones,mary.jones258@example.com,18,active,acc_002
Barbara Johnson,barbara.johnson259@example.com,36,active,acc_002
Mary Smith,mary.smith260@example.com,38,pending,acc_003
Robert Johnson,robert.johnson261@example.com,22,inactive,acc_002
John Johnson,john.johnson262@example.com,56,active,acc_002
James Johnson,james.johnson263@example.com,33,active,acc_003
Barbara Garcia,barbara.garcia264@example.com,45,active,acc_001
Patricia Miller,patricia.miller265@example.com,37,pending,acc_001
Patricia Johnson,patricia.johnson266@example.com,53,pending,acc_001
William Rodriguez,william.rodriguez267@example.com,56,inactive,acc_003
Elizabeth Garcia,elizabeth.garcia268@example.com,33,pending,acc_003
Patricia Miller,patricia.miller269@example.com,34,pending,acc_003
Michael Rodriguez,michael.rodriguez270@example.com,65,active,acc_003
Mary Garcia,mary.garcia271@example.com,29,inactive,acc_003
Robert Davis,robert.davis272@example.com,62,active,acc_002
David Williams,david.williams273@example.com,44,active,acc_002
Robert Martinez,robert.martinez274@example.com,58,pending,acc_001
Patricia Miller,patricia.miller275@example.com,60,inactive,acc_001
James Davis,james.davis276@example.com,41,active,acc_002
John Johnson,john.johnson277@example.com,47,inactive,acc_002
Robert Martinez,robert.martinez278@example.com,49,active,acc_002
Robert Garcia,robert.garcia279@example.com,27,inactive,acc_001
Robert Williams,robert.williams280@example.com,50,pending,acc_001
Patricia Garcia,patricia.garcia281@example.com,42,inactive,acc_001
Elizabeth Smith,elizabeth.smith282@example.com,44,pending,acc_002
Michael Garcia,michael.garcia283@example.com,67,inactive,acc_001
John Johnson,john.johnson284@example.com,41,inactive,acc_001
Mary Garcia,mary.garcia285@example.com,39,pending,acc_001
David Rodriguez,david.rodriguez286@example.com,50,active,acc_002
William Smith,william.smith287@example.com,59,active,acc_002
David Davis,david.davis288@example.com,35,inactive,acc_003
James Brown,james.brown289@example.com,52,active,acc_001
John Johnson,john.johnson290@example.com,37,pending,acc_002
James Miller,james.miller291@example.com,28,active,acc_001
Jennifer Jones,jennifer.jones292@example.com,19,inactive,acc_003
John Davis,john.davis293@example.com,31,pending,acc_003
Patricia Williams,patricia.williams294@example.com,18,active,acc_002
David Williams,david.williams295@example.com,50,active,acc_002
Patricia Martinez,patricia.martinez296@example.com,43,active,acc_001
David Johnson,david.johnson297@example.com,37,inactive,acc_002
Linda Martinez,linda.martinez298@example.com,20,pending,acc_003
Patricia Brown,patricia.brown299@example.com,46,inactive,acc_003
William Williams,william.williams300@example.com,61,inactive,acc_003
Patricia Williams,patricia.williams301@example.com,20,inactive,acc_003
Patricia Jones,patricia.jones302@example.com,18,pending,acc_002
Jennifer Davis,jennifer.davis303@example.com,19,pending,acc_002
David Martinez,david.martinez304@example.com,49,active,acc_003
William Martinez,william.martinez305@example.com,32,inactive,acc_001
Patricia Garcia,patricia.garcia306@example.com,42,inactive,acc_001
Linda Jones,linda.jones307@example.com,29,pending,acc_002
William Johnson,william.johnson308@example.com,22,pending,acc_003
Robert Garcia,robert.garcia309@example.com,55,active,acc_001
John Davis,john.davis310@example.com,35,inactive,acc_003
Robert Brown,robert.brown311@example.com,62,inactive,acc_001
Robert Garcia,robert.garcia312@example.com,34,pending,acc_002
Barbara Brown,barbara.brown313@example.com,52,pending,acc_002
William Jones,william.jones314@example.com,44,active,acc_003
Michael Smith,michael.smith315@example.com,47,pending,acc_003
Mary Brown,mary.brown316@example.com,29,inactive,acc_001
Mary Jones,mary.jones317@example.com,57,pending,acc_003
Michael Martinez,michael.martinez318@example.com,54,pending,acc_002
Barbara Garcia,barbara.garcia319@example.com,66,active,acc_001
Linda Smith,linda.smith320@example.com,31,inactive,acc_002
Robert Jones,robert.jones321@example.com,28,pending,acc_003
Elizabeth Davis,elizabeth.davis322@example.com,61,pending,acc_001
Jennifer Smith,jennifer.smith323@example.com,55,inactive,acc_002
James Garcia,james.garcia324@example.com,64,inactive,acc_002
Robert Garcia,robert.garcia325@example.com,32,pending,acc_003
William Martinez,william.martinez326@example.com,40,active,acc_001
Mary Martinez,mary.martinez327@example.com,42,active,acc_001
William Garcia,william.garcia328@example.com,47,pending,acc_002
William Miller,william.miller329@example.com,20,pending,acc_002
Mary Johnson,mary.johnson330@example.com,33,active,acc_003
Linda Brown,linda.brown331@example.com,65,pending,acc_002
William Rodriguez,william.rodriguez332@example.com,25,active,acc_001
Linda Davis,linda.davis333@example.com,55,pending,acc_002
Mary Davis,mary.davis334@example.com,20,pending,acc_002
Mary Garcia,mary.garcia335@example.com,40,active,acc_003
Elizabeth Johnson,elizabeth.johnson336@example.com,52,active,acc_002
John Johnson,john.johnson337@example.com,56,inactive,acc_003
Jennifer Smith,jennifer.smith338@example.com,36,pending,acc_003
Mary Johnson,mary.johnson339@example.com,29,active,acc_003
Michael Martinez,michael.martinez340@example.com,52,pending,acc_001
Michael Davis,michael.davis341@example.com,64,inactive,acc_002
Michael Jones,michael.jones342@example.com,32,pending,acc_003
William Miller,william.miller343@example.com,59,active,acc_001
William Johnson,william.johnson344@example.com,32,pending,acc_003
Mary Johnson,mary.johnson345@example.com,49,active,acc_003
David Smith,david.smith346@example.com,37,pending,acc_002
Mary Williams,mary.williams347@example.com,64,pending,acc_003
Barbara Davis,barbara.davis348@example.com,29,active,acc_003
John Johnson,john.johnson349@example.com,57,pending,acc_002
Barbara Davis,barbara.davis350@example.com,52,inactive,acc_001
Robert Williams,robert.williams351@example.com,48,inactive,acc_001
Jennifer Garcia,jennifer.garcia352@example.com,52,inactive,acc_001
Barbara Rodriguez,barbara.rodriguez353@example.com,44,inactive,acc_001
James Smith,james.smith354@example.com,46,inactive,acc_002
John Rodriguez,john.rodriguez355@example.com,19,inactive,acc_002
Linda Martinez,linda.martinez356@example.com,42,pending,acc_003
Jennifer Smith,jennifer.smith357@example.com,67,active,acc_003
Elizabeth Brown,elizabeth.brown358@example.com,26,inactive,acc_001
James Rodriguez,james.rodriguez359@example.com,63,pending,acc_001
Michael Johnson,michael.johnson360@example.com,37,pending,acc_001
Elizabeth Johnson,elizabeth.johnson361@example.com,18,active,acc_003
Linda Garcia,linda.garcia362@example.com,50,pending,acc_001
David Rodriguez,david.rodriguez363@example.com,57,active,acc_003
John Williams,john.williams364@example.com,34,pending,acc_002
William Rodriguez,william.rodriguez365@example.com,54,pending,acc_003
Elizabeth Johnson,elizabeth.johnson366@example.com,30,pending,acc_003
Elizabeth Brown,elizabeth.brown367@example.com,24,pending,acc_003
John Williams,john.williams368@example.com,30,pending,acc_003
John Jones,john.jones369@example.com,18,active,acc_001
William Jones,william.jones370@example.com,22,inactive,acc_003
Robert Johnson,robert.johnson371@example.com,34,pending,acc_001
David Brown,david.brown372@example.com,19,active,acc_003
John Johnson,john.johnson373@example.com,29,pending,acc_003
Linda Martinez,linda.martinez374@example.com,30,inactive,acc_001
William Johnson,william.johnson375@example.com,44,active,acc_003
William Brown,william.brown376@example.com,42,active,acc_001
William Johnson,william.johnson377@example.com,58,pending,acc_003
Jennifer Martinez,jennifer.martinez378@example.com,39,inactive,acc_003
David Jones,david.jones379@example.com,25,inactive,acc_001
James Brown,james.brown380@example.com,32,pending,acc_003
Linda Brown,linda.brown381@example.com,21,active,acc_003
Barbara Williams,barbara.williams382@example.com,67,active,acc_003
Robert Rodriguez,robert.rodriguez383@example.com,58,pending,acc_003
Patricia Williams,patricia.williams384@example.com,55,pending,acc_003
James Miller,james.miller385@example.com,52,inactive,acc_001
Mary Miller,mary.miller386@example.com,41,pending,acc_001
James Jones,james.jones387@example.com,20,pending,acc_003
Linda Jones,linda.jones388@example.com,55,pending,acc_003
Robert Martinez,robert.martinez389@example.com,19,active,acc_003
William Garcia,william.garcia390@example.com,40,pending,acc_002
Barbara Brown,barbara.brown391@example.com,39,active,acc_003
James Miller,james.miller392@example.com,19,inactive,acc_001
James Davis,james.davis393@example.com,38,active,acc_001
James Garcia,james.garcia394@example.com,63,active,acc_003
Barbara Davis,barbara.davis395@example.com,37,active,acc_001
Mary Johnson,mary.johnson396@example.com,54,pending,acc_002
David Williams,david.williams397@example.com,25,inactive,acc_003
Mary Brown,mary.brown398@example.com,33,pending,acc_003
James Garcia,james.garcia399@example.com,66,active,acc_001
Michael Johnson,michael.johnson400@example.com,58,pending,acc_003
Linda Brown,linda.brown401@example.com,23,active,acc_001
David Martinez,david.martinez402@example.com,36,pending,acc_001
Mary Brown,mary.brown403@example.com,66,inactive,acc_003
Robert Rodriguez,robert.rodriguez404@example.com,26,active,acc_001
Linda Smith,linda.smith405@example.com,45,active,acc_003
Jennifer Williams,jennifer.williams406@example.com,50,pending,acc_002
Mary Rodriguez,mary.rodriguez407@example.com,27,inactive,acc_003
John Williams,john.williams408@example.com,43,active,acc_003
Elizabeth Johnson,elizabeth.johnson409@example.com,63,pending,acc_003
Jennifer Martinez,jennifer.martinez410@example.com,57,active,acc_001
Robert Smith,robert.smith411@example.com,26,active,acc_001
James Johnson,james.johnson412@example.com,51,active,acc_003
Patricia Johnson,patricia.johnson413@example.com,39,active,acc_002
Elizabeth Davis,elizabeth.davis414@example.com,49,pending,acc_001
Jennifer Davis,jennifer.davis415@example.com,67,pending,acc_001
Michael Rodriguez,michael.rodriguez416@example.com,55,active,acc_003
Patricia Davis,patricia.davis417@example.com,62,active,acc_002
Michael Williams,michael.williams418@example.com,33,active,acc_003
Mary Johnson,mary.johnson419@example.com,26,pending,acc_001
Jennifer Rodriguez,jennifer.rodriguez420@example.com,37,pending,acc_002
Mary Smith,mary.smith421@example.com,45,active,acc_001
Jennifer Martinez,jennifer.martinez422@example.com,49,pending,acc_001
Patricia Williams,patricia.williams423@example.com,45,inactive,acc_001
Mary Rodriguez,mary.rodriguez424@example.com,32,pending,acc_003
Mary Rodriguez,mary.rodriguez425@example.com,42,active,acc_002
Patricia Jones,patricia.jones426@example.com,62,active,acc_003
James Williams,james.williams427@example.com,61,pending,acc_002
James Martinez,james.martinez428@example.com,63,inactive,acc_003
James Garcia,james.garcia429@example.com,55,pending,acc_003
Elizabeth Miller,elizabeth.miller430@example.com,45,active,acc_003
Robert Garcia,robert.garcia431@example.com,34,active,acc_001
Patricia Miller,patricia.miller432@example.com,26,pending,acc_003
Linda Davis,linda.davis433@example.com,21,pending,acc_002
Jennifer Miller,jennifer.miller434@example.com,65,active,acc_001
Mary Rodriguez,mary.rodriguez435@example.com,33,pending,acc_003
Barbara Smith,barbara.smith436@example.com,56,active,acc_003
Michael Davis,michael.davis437@example.com,32,pending,acc_002
Linda Davis,linda.davis438@example.com,28,pending,acc_001
William Davis,william.davis439@example.com,20,active,acc_001
Robert Davis,robert.davis440@example.com,30,pending,acc_001
Michael Martinez,michael.martinez441@example.com,38,active,acc_001
Michael Rodriguez,michael.rodriguez442@example.com,30,pending,acc_002
Mary Rodriguez,mary.rodriguez443@example.com,62,active,acc_003
Mary Williams,mary.williams444@example.com,25,pending,acc_002
Linda Martinez,linda.martinez445@example.com,60,active,acc_001
Linda Garcia,linda.garcia446@example.com,28,pending,acc_002
Elizabeth Johnson,elizabeth.johnson447@example.com,58,active,acc_002
James Martinez,james.martinez448@example.com,66,inactive,acc_001
Linda Smith,linda.smith449@example.com,25,inactive,acc_001
Elizabeth Johnson,elizabeth.johnson450@example.com,20,inactive,acc_002
John Jones,john.jones451@example.com,65,pending,acc_002
Patricia Miller,patricia.miller452@example.com,27,active,acc_001
John Brown,john.brown453@example.com,22,active,acc_001
John Smith,john.smith454@example.com,39,inactive,acc_002
John Jones,john.jones455@example.com,53,pending,acc_003
Elizabeth Martinez,elizabeth.martinez456@example.com,31,inactive,acc_003
David Smith,david.smith457@example.com,66,inactive,acc_003
Elizabeth Brown,elizabeth.brown458@example.com,35,pending,acc_001
Linda Williams,linda.williams459@example.com,43,pending,acc_002
Robert Brown,robert.brown460@example.com,63,inactive,acc_001
Michael Jones,michael.jones461@example.com,49,pending,acc_002
William Martinez,william.martinez462@example.com,55,active,acc_003
James Jones,james.jones463@example.com,54,inactive,acc_003
Mary Smith,mary.smith464@example.com,57,pending,acc_003
John Garcia,john.garcia465@example.com,18,active,acc_001
Mary Johnson,mary.johnson466@example.com,65,active,acc_003
William Rodriguez,william.rodriguez467@example.com,58,active,acc_001
Patricia Martinez,patricia.martinez468@example.com,62,active,acc_003
James Miller,james.miller469@example.com,19,pending,acc_003
David Johnson,david.johnson470@example.com,45,inactive,acc_003
Robert Miller,robert.miller471@example.com,60,pending,acc_001
Mary Williams,mary.williams472@example.com,35,inactive,acc_001
Mary Miller,mary.miller473@example.com,37,inactive,acc_002
Linda Davis,linda.davis474@example.com,52,inactive,acc_002
Linda Brown,linda.brown475@example.com,29,pending,acc_001
Patricia Williams,patricia.williams476@example.com,34,pending,acc_003
John Garcia,john.garcia477@example.com,28,active,acc_001
Patricia Garcia,patricia.garcia478@example.com,32,inactive,acc_001
Patricia Smith,patricia.smith479@example.com,37,pending,acc_001
Linda Miller,linda.miller480@example.com,26,pending,acc_001
Barbara Williams,barbara.williams481@example.com,25,active,acc_003
Mary Smith,mary.smith482@example.com,54,inactive,acc_001
Barbara Davis,barbara.davis483@example.com,38,inactive,acc_001
Barbara Johnson,barbara.johnson484@example.com,56,pending,acc_002
Michael Rodriguez,michael.rodriguez485@example.com,24,pending,acc_003
Elizabeth Smith,elizabeth.smith486@example.com,60,active,acc_001
Barbara Johnson,barbara.johnson487@example.com,62,inactive,acc_002
John Davis,john.davis488@example.com,53,active,acc_001
Michael Martinez,michael.martinez489@example.com,53,active,acc_002
Jennifer Johnson,jennifer.johnson490@example.com,23,active,acc_002
Patricia Jones,patricia.jones491@example.com,56,inactive,acc_003
Barbara Davis,barbara.davis492@example.com,20,inactive,acc_002
Patricia Jones,patricia.jones493@example.com,29,inactive,acc_003
Patricia Rodriguez,patricia.rodriguez494@example.com,37,pending,acc_001
Patricia Brown,patricia.brown495@example.com,18,pending,acc_003
William Brown,william.brown496@example.com,23,inactive,acc_002
Linda Rodriguez,linda.rodriguez497@example.com,38,pending,acc_001
Elizabeth Garcia,elizabeth.garcia498@example.com,50,pending,acc_003
Jennifer Williams,jennifer.williams499@example.com,62,inactive,acc_001
Jennifer Williams,jennifer.williams500@example.com,21,active,acc_003
Barbara Jones,barbara.jones501@example.com,29,pending,acc_003
Linda Miller,linda.miller502@example.com,59,pending,acc_002
Elizabeth Johnson,elizabeth.johnson503@example.com,61,active,acc_003
Barbara Garcia,barbara.garcia504@example.com,31,inactive,acc_001
Michael Brown,michael.brown505@example.com,65,pending,acc_001
William Smith,william.smith506@example.com,35,active,acc_002
Robert Garcia,robert.garcia507@example.com,36,pending,acc_002
Mary Jones,mary.jones508@example.com,48,pending,acc_003
John Garcia,john.garcia509@example.com,62,inactive,acc_003
David Johnson,david.johnson510@example.com,35,inactive,acc_002
Elizabeth Garcia,elizabeth.garcia511@example.com,26,inactive,acc_001
Jennifer Brown,jennifer.brown512@example.com,42,active,acc_002
Linda Jones,linda.jones513@example.com,31,active,acc_001
James Martinez,james.martinez514@example.com,34,inactive,acc_003
Jennifer Martinez,jennifer.martinez515@example.com,39,inactive,acc_002
Barbara Davis,barbara.davis516@example.com,46,pending,acc_003
Elizabeth Martinez,elizabeth.martinez517@example.com,36,inactive,acc_003
Elizabeth Garcia,elizabeth.garcia518@example.com,45,active,acc_003
Michael Williams,michael.williams519@example.com,29,active,acc_001
Elizabeth Johnson,elizabeth.johnson520@example.com,57,active,acc_001
William Martinez,william.martinez521@example.com,18,active,acc_001
Mary Williams,mary.williams522@example.com,32,active,acc_002
Jennifer Miller,jennifer.miller523@example.com,45,inactive,acc_001
Barbara Rodriguez,barbara.rodriguez524@example.com,42,pending,acc_003
Elizabeth Rodriguez,elizabeth.rodriguez525@example.com,27,pending,acc_001
Robert Miller,robert.miller526@example.com,62,inactive,acc_003
Barbara Martinez,barbara.martinez527@example.com,40,active,acc_002
David Martinez,david.martinez528@example.com,35,active,acc_003
William Brown,william.brown529@example.com,32,inactive,acc_001
Barbara Miller,barbara.miller530@example.com,20,pending,acc_003
David Johnson,david.johnson531@example.com,39,active,acc_003
Robert Garcia,robert.garcia532@example.com,35,active,acc_003
David Martinez,david.martinez533@example.com,19,inactive,acc_001
Mary Martinez,mary.martinez534@example.com,66,active,acc_003
Michael Martinez,michael.martinez535@example.com,33,active,acc_003
Michael Brown,michael.brown536@example.com,22,active,acc_002
Michael Rodriguez,michael.rodriguez537@example.com,40,active,acc_002
William Martinez,william.martinez538@example.com,55,active,acc_001
Barbara Williams,barbara.williams539@example.com,25,inactive,acc_001
Barbara Davis,barbara.davis540@example.com,43,pending,acc_002
Barbara Johnson,barbara.johnson541@example.com,36,pending,acc_002
Jennifer Rodriguez,jennifer.rodriguez542@example.com,61,pending,acc_002
Mary Garcia,mary.garcia543@example.com,36,inactive,acc_001
David Rodriguez,david.rodriguez544@example.com,36,active,acc_002
Linda Jones,linda.jones545@example.com,18,inactive,acc_003
John Williams,john.williams546@example.com,49,active,acc_003
William Johnson,william.johnson547@example.com,33,active,acc_001
Linda Martinez,linda.martinez548@example.com,47,pending,acc_003
John Miller,john.miller549@example.com,67,inactive,acc_002
Linda Brown,linda.brown550@example.com,54,active,acc_001
Barbara Williams,barbara.williams551@example.com,20,active,acc_001
Linda Rodriguez,linda.rodriguez552@example.com,55,active,acc_002
Barbara Garcia,barbara.garcia553@example.com,64,inactive,acc_002
James Smith,james.smith554@example.com,37,active,acc_002
Michael Miller,michael.miller555@example.com,39,active,acc_002
William Jones,william.jones556@example.com,41,pending,acc_002
Barbara Brown,barbara.brown557@example.com,45,active,acc_002
Barbara Rodriguez,barbara.rodriguez558@example.com,45,pending,acc_003
Jennifer Smith,jennifer.smith559@example.com,67,pending,acc_002
Jennifer Rodriguez,jennifer.rodriguez560@example.com,60,active,acc_002
Barbara Jones,barbara.jones561@example.com,60,inactive,acc_002
Barbara Garcia,barbara.garcia562@example.com,44,inactive,acc_002
Patricia Smith,patricia.smith563@example.com,66,inactive,acc_001
David Rodriguez,david.rodriguez564@example.com,19,inactive,acc_001
Mary Johnson,mary.johnson565@example.com,39,pending,acc_001
John Davis,john.davis566@example.com,25,active,acc_001
Elizabeth Brown,elizabeth.brown567@example.com,38,active,acc_002
Patricia Smith,patricia.smith568@example.com,48,inactive,acc_001
Robert Garcia,robert.garcia569@example.com,60,inactive,acc_002
David Johnson,david.johnson570@example.com,35,pending,acc_003
David Smith,david.smith571@example.com,49,inactive,acc_003
Robert Jones,robert.jones572@example.com,39,inactive,acc_002
Robert Rodriguez,robert.rodriguez573@example.com,40,pending,acc_003
Mary Garcia,mary.garcia574@example.com,41,active,acc_002
Robert Brown,robert.brown575@example.com,32,active,acc_002
Barbara Rodriguez,barbara.rodriguez576@example.com,21,inactive,acc_001
Elizabeth Rodriguez,elizabeth.rodriguez577@example.com,28,pending,acc_003
Michael Miller,michael.miller578@example.com,47,pending,acc_001
Mary Davis,mary.davis579@example.com,44,pending,acc_002
Patricia Davis,patricia.davis580@example.com,33,pending,acc_003
Linda Garcia,linda.garcia581@example.com,59,inactive,acc_002
Robert Miller,robert.miller582@example.com,18,inactive,acc_002
James Martinez,james.martinez583@example.com,32,active,acc_001
John Davis,john.davis584@example.com,39,inactive,acc_003
Elizabeth Smith,elizabeth.smith585@example.com,36,inactive,acc_003
Robert Smith,robert.smith586@example.com,33,active,acc_003
Jennifer Garcia,jennifer.garcia587@example.com,54,active,acc_003
David Rodriguez,david.rodriguez588@example.com,31,pending,acc_003
Michael Jones,michael.jones589@example.com,39,active,acc_003
Linda Johnson,linda.johnson590@example.com,54,inactive,acc_001
David Jones,david.jones591@example.com,30,active,acc_001
Mary Williams,mary.williams592@example.com,32,active,acc_002
David Williams,david.williams593@example.com,23,pending,acc_003
John Jones,john.jones594@example.com,56,inactive,acc_002
Elizabeth Brown,elizabeth.brown595@example.com,53,active,acc_002
Barbara Smith,barbara.smith596@example.com,19,pending,acc_003
Patricia Brown,patricia.brown597@example.com,43,active,acc_003
David Davis,david.davis598@example.com,50,pending,acc_002
Elizabeth Davis,elizabeth.davis599@example.com,25,inactive,acc_003
Jennifer Rodriguez,jennifer.rodriguez600@example.com,27,pending,acc_002
Barbara Miller,barbara.miller601@example.com,23,pending,acc_001
William Martinez,william.martinez602@example.com,38,active,acc_003
James Martinez,james.martinez603@example.com,46,active,acc_002
Barbara Brown,barbara.brown604@example.com,20,pending,acc_003
John Martinez,john.martinez605@example.com,47,pending,acc_001
Robert Garcia,robert.garcia606@example.com,18,inactive,acc_001
Linda Williams,linda.williams607@example.com,44,active,acc_003
Elizabeth Johnson,elizabeth.johnson608@example.com,44,pending,acc_002
Barbara Smith,barbara.smith609@example.com,50,active,acc_002
Elizabeth Brown,elizabeth.brown610@example.com,35,pending,acc_001
David Johnson,david.johnson611@example.com,56,active,acc_003
John Rodriguez,john.rodriguez612@example.com,23,inactive,acc_001
Jennifer Martinez,jennifer.martinez613@example.com,66,pending,acc_002
James Williams,james.williams614@example.com,67,inactive,acc_002
Elizabeth Johnson,elizabeth.johnson615@example.com,66,active,acc_002
Linda Rodriguez,linda.rodriguez616@example.com,37,active,acc_002
John Brown,john.brown617@example.com,65,active,acc_001
John Jones,john.jones618@example.com,36,pending,acc_003
William Johnson,william.johnson619@example.com,60,active,acc_002
Elizabeth Martinez,elizabeth.martinez620@example.com,60,pending,acc_002
Mary Miller,mary.miller621@example.com,67,pending,acc_002
John Davis,john.davis622@example.com,34,active,acc_002
Jennifer Smith,jennifer.smith623@example.com,53,inactive,acc_001
Barbara Miller,barbara.miller624@example.com,50,inactive,acc_002
Michael Davis,michael.davis625@example.com,54,inactive,acc_002
David Davis,david.davis626@example.com,30,active,acc_003
Mary Miller,mary.miller627@example.com,20,active,acc_003
Linda Brown,linda.brown628@example.com,41,inactive,acc_001
Linda Davis,linda.davis629@example.com,47,pending,acc_002
Robert Smith,robert.smith630@example.com,63,pending,acc_001
Barbara Williams,barbara.williams631@example.com,32,pending,acc_003
Michael Smith,michael.smith632@example.com,54,active,acc_001
John Jones,john.jones633@example.com,55,pending,acc_002
Patricia Rodriguez,patricia.rodriguez634@example.com,50,pending,acc_003
Robert Smith,robert.smith635@example.com,29,active,acc_001
Barbara Brown,barbara.brown636@example.com,25,active,acc_001
Linda Davis,linda.davis637@example.com,29,pending,acc_001
Patricia Martinez,patricia.martinez638@example.com,45,inactive,acc_001
Elizabeth Garcia,elizabeth.garcia639@example.com,26,active,acc_002
John Rodriguez,john.rodriguez640@example.com,49,pending,acc_002
Jennifer Jones,jennifer.jones641@example.com,25,pending,acc_001
Robert Martinez,robert.martinez642@example.com,67,pending,acc_001
David Rodriguez,david.rodriguez643@example.com,47,inactive,acc_002
Mary Williams,mary.williams644@example.com,61,pending,acc_002
Mary Johnson,mary.johnson645@example.com,48,pending,acc_001
Michael Davis,michael.davis646@example.com,39,pending,acc_002
Patricia Johnson,patricia.johnson647@example.com,56,pending,acc_001
Barbara Johnson,barbara.johnson648@example.com,61,pending,acc_003
John Garcia,john.garcia649@example.com,56,inactive,acc_003
Linda Johnson,linda.johnson650@example.com,42,inactive,acc_003
Barbara Brown,barbara.brown651@example.com,59,pending,acc_003
John Jones,john.jones652@example.com,64,inactive,acc_001
William Smith,william.smith653@example.com,53,active,acc_001
Barbara Miller,barbara.miller654@example.com,61,pending,acc_001
Patricia Williams,patricia.williams655@example.com,49,active,acc_002
John Rodriguez,john.rodriguez656@example.com,39,active,acc_003
Mary Jones,mary.jones657@example.com,29,inactive,acc_003
Jennifer Martinez,jennifer.martinez658@example.com,62,active,acc_003
David Rodriguez,david.rodriguez659@example.com,41,pending,acc_003
James Williams,james.williams660@example.com,21,active,acc_002
William Martinez,william.martinez661@example.com,53,active,acc_002
John Brown,john.brown662@example.com,26,active,acc_003
Mary Rodriguez,mary.rodriguez663@example.com,61,active,acc_001
Michael Johnson,michael.johnson664@example.com,18,pending,acc_003
Barbara Jones,barbara.jones665@example.com,36,pending,acc_001
Linda Williams,linda.williams666@example.com,43,inactive,acc_003
Elizabeth Smith,elizabeth.smith667@example.com,38,pending,acc_002
Barbara Martinez,barbara.martinez668@example.com,48,pending,acc_003
John Brown,john.brown669@example.com,29,inactive,acc_002
Mary Johnson,mary.johnson670@example.com,20,inactive,acc_001
Linda Garcia,linda.garcia671@example.com,42,active,acc_001
Michael Miller,michael.miller672@example.com,66,pending,acc_002
James Rodriguez,james.rodriguez673@example.com,63,inactive,acc_001
Michael Garcia,michael.garcia674@example.com,65,pending,acc_002
James Johnson,james.johnson675@example.com,18,inactive,acc_002
Mary Davis,mary.davis676@example.com,43,pending,acc_002
David Johnson,david.johnson677@example.com,59,pending,acc_001
John Williams,john.williams678@example.com,66,active,acc_003
William Williams,william.williams679@example.com,38,pending,acc_002
David Davis,david.davis680@example.com,60,active,acc_001
Robert Brown,robert.brown681@example.com,25,active,acc_001
Elizabeth Miller,elizabeth.miller682@example.com,43,active,acc_001
Elizabeth Rodriguez,elizabeth.rodriguez683@example.com,35,inactive,acc_002
Elizabeth Smith,elizabeth.smith684@example.com,43,pending,acc_001
Barbara Garcia,barbara.garcia685@example.com,31,active,acc_002
William Smith,william.smith686@example.com,18,pending,acc_003
James Williams,james.williams687@example.com,30,pending,acc_001
David Jones,david.jones688@example.com,45,inactive,acc_002
Patricia Smith,patricia.smith689@example.com,55,active,acc_003
Elizabeth Garcia,elizabeth.garcia690@example.com,28,inactive,acc_003
David Rodriguez,david.rodriguez691@example.com,21,active,acc_001
Michael Johnson,michael.johnson692@example.com,41,pending,acc_001
Robert Rodriguez,robert.rodriguez693@example.com,42,pending,acc_003
Linda Miller,linda.miller694@example.com,44,active,acc_001
Jennifer Smith,jennifer.smith695@example.com,61,inactive,acc_003
Jennifer Garcia,jennifer.garcia696@example.com,22,inactive,acc_001
Patricia Jones,patricia.jones697@example.com,40,pending,acc_001
Michael Martinez,michael.martinez698@example.com,63,inactive,acc_001
Jennifer Miller,jennifer.miller699@example.com,31,inactive,acc_003
Mary Williams,mary.williams700@example.com,51,active,acc_001
Jennifer Garcia,jennifer.garcia701@example.com,54,active,acc_002
Mary Williams,mary.williams702@example.com,57,pending,acc_001
Patricia Johnson,patricia.johnson703@example.com,26,inactive,acc_002
David Martinez,david.martinez704@example.com,26,pending,acc_003
John Miller,john.miller705@example.com,27,active,acc_003
Robert Jones,robert.jones706@example.com,50,inactive,acc_001
Michael Miller,michael.miller707@example.com,57,pending,acc_001
Patricia Smith,patricia.smith708@example.com,67,active,acc_002
Michael Martinez,michael.martinez709@example.com,42,pending,acc_002
Elizabeth Smith,elizabeth.smith710@example.com,30,pending,acc_001
Mary Rodriguez,mary.rodriguez711@example.com,53,inactive,acc_001
Elizabeth Smith,elizabeth.smith712@example.com,53,active,acc_002
James Jones,james.jones713@example.com,64,pending,acc_001
Robert Brown,robert.brown714@example.com,61,inactive,acc_003
Barbara Smith,barbara.smith715@example.com,25,pending,acc_002
William Rodriguez,william.rodriguez716@example.com,33,pending,acc_002
Linda Smith,linda.smith717@example.com,60,active,acc_001
Robert Rodriguez,robert.rodriguez718@example.com,61,active,acc_003
John Williams,john.williams719@example.com,49,active,acc_003
Jennifer Brown,jennifer.brown720@example.com,35,pending,acc_001
Robert Smith,robert.smith721@example.com,35,inactive,acc_001
Michael Smith,michael.smith722@example.com,53,pending,acc_002
William Williams,william.williams723@example.com,20,inactive,acc_001
John Johnson,john.johnson724@example.com,26,pending,acc_001
Jennifer Jones,jennifer.jones725@example.com,24,active,acc_001
James Miller,james.miller726@example.com,18,active,acc_003
Patricia Garcia,patricia.garcia727@example.com,33,inactive,acc_001
Patricia Williams,patricia.williams728@example.com,48,active,acc_002
Linda Davis,linda.davis729@example.com,23,pending,acc_001
Elizabeth Garcia,elizabeth.garcia730@example.com,52,inactive,acc_002
Elizabeth Brown,elizabeth.brown731@example.com,49,pending,acc_002
Robert Davis,robert.davis732@example.com,37,pending,acc_003
Elizabeth Garcia,elizabeth.garcia733@example.com,26,inactive,acc_003
Elizabeth Garcia,elizabeth.garcia734@example.com,47,active,acc_003
Barbara Miller,barbara.miller735@example.com,30,active,acc_002
Mary Williams,mary.williams736@example.com,65,inactive,acc_002
William Davis,william.davis737@example.com,27,pending,acc_003
David Martinez,david.martinez738@example.com,18,inactive,acc_001
Linda Williams,linda.williams739@example.com,41,pending,acc_002
Elizabeth Rodriguez,elizabeth.rodriguez740@example.com,34,active,acc_003
Mary Martinez,mary.martinez741@example.com,50,inactive,acc_002
James Williams,james.williams742@example.com,55,pending,acc_001
Jennifer Miller,jennifer.miller743@example.com,29,pending,acc_001
Barbara Garcia,barbara.garcia744@example.com,38,pending,acc_001
Michael Miller,michael.miller745@example.com,65,pending,acc_001
Patricia Rodriguez,patricia.rodriguez746@example.com,22,inactive,acc_003
Mary Garcia,mary.garcia747@example.com,19,inactive,acc_002
William Rodriguez,william.rodriguez748@example.com,31,active,acc_001
William Jones,william.jones749@example.com,41,pending,acc_002
Linda Rodriguez,linda.rodriguez750@example.com,20,active,acc_002
Patricia Johnson,patricia.johnson751@example.com,31,inactive,acc_002
William Williams,william.williams752@example.com,38,active,acc_002
James Rodriguez,james.rodriguez753@example.com,65,active,acc_002
William Davis,william.davis754@example.com,60,pending,acc_002
John Johnson,john.johnson755@example.com,46,pending,acc_003
Elizabeth Johnson,elizabeth.johnson756@example.com,58,active,acc_003
Barbara Martinez,barbara.martinez757@example.com,20,pending,acc_003
David Rodriguez,david.rodriguez758@example.com,32,inactive,acc_001
John Garcia,john.garcia759@example.com,51,pending,acc_003
Michael Jones,michael.jones760@example.com,33,pending,acc_003
Jennifer Davis,jennifer.davis761@example.com,63,active,acc_001
Patricia Rodriguez,patricia.rodriguez762@example.com,54,active,acc_002
Mary Brown,mary.brown763@example.com,18,active,acc_002
Mary Garcia,mary.garcia764@example.com,24,pending,acc_001
David Garcia,david.garcia765@example.com,29,active,acc_002
William Rodriguez,william.rodriguez766@example.com,51,active,acc_003
Robert Johnson,robert.johnson767@example.com,46,inactive,acc_002
Mary Davis,mary.davis768@example.com,59,inactive,acc_003
Elizabeth Brown,elizabeth.brown769@example.com,31,active,acc_002
William Smith,william.smith770@example.com,28,pending,acc_003
Linda Miller,linda.miller771@example.com,56,pending,acc_002
James Davis,james.davis772@example.com,18,active,acc_002
Linda Martinez,linda.martinez773@example.com,39,pending,acc_001
Patricia Johnson,patricia.johnson774@example.com,21,pending,acc_001
Robert Brown,robert.brown775@example.com,50,pending,acc_001
Jennifer Smith,jennifer.smith776@example.com,44,inactive,acc_003
David Jones,david.jones777@example.com,54,active,acc_001
Linda Garcia,linda.garcia778@example.com,45,active,acc_002
Robert Brown,robert.brown779@example.com,27,inactive,acc_003
Linda Brown,linda.brown780@example.com,44,active,acc_003
Jennifer Smith,jennifer.smith781@example.com,54,inactive,acc_002
Mary Williams,mary.williams782@example.com,24,active,acc_001
Jennifer Brown,jennifer.brown783@example.com,41,inactive,acc_003
Mary Williams,mary.williams784@example.com,54,active,acc_001
Barbara Johnson,barbara.johnson785@example.com,27,active,acc_002
Patricia Williams,patricia.williams786@example.com,21,inactive,acc_002
William Rodriguez,william.rodriguez787@example.com,51,active,acc_003
William Miller,william.miller788@example.com,40,pending,acc_003
William Brown,william.brown789@example.com,39,pending,acc_003
Elizabeth Miller,elizabeth.miller790@example.com,34,pending,acc_001
William Miller,william.miller791@example.com,23,active,acc_001
James Martinez,james.martinez792@example.com,34,active,acc_001
William Brown,william.brown793@example.com,45,active,acc_001
Elizabeth Garcia,elizabeth.garcia794@example.com,56,pending,acc_002
David Williams,david.williams795@example.com,37,pending,acc_001
Robert Martinez,robert.martinez796@example.com,49,active,acc_002
Patricia Rodriguez,patricia.rodriguez797@example.com,61,active,acc_002
Robert Miller,robert.miller798@example.com,41,pending,acc_002
David Davis,david.davis799@example.com,35,active,acc_003
Elizabeth Garcia,elizabeth.garcia800@example.com,59,pending,acc_002
Robert Davis,robert.davis801@example.com,36,pending,acc_003
John Rodriguez,john.rodriguez802@example.com,27,active,acc_001
Robert Davis,robert.davis803@example.com,54,inactive,acc_003
Robert Williams,robert.williams804@example.com,63,active,acc_003
Jennifer Miller,jennifer.miller805@example.com,46,inactive,acc_001
James Jones,james.jones806@example.com,57,pending,acc_003
David Miller,david.miller807@example.com,42,inactive,acc_003
John Rodriguez,john.rodriguez808@example.com,39,pending,acc_003
Mary Smith,mary.smith809@example.com,47,inactive,acc_003
Jennifer Davis,jennifer.davis810@example.com,62,inactive,acc_002
Michael Rodriguez,michael.rodriguez811@example.com,52,active,acc_002
John Martinez,john.martinez812@example.com,58,inactive,acc_002
Mary Miller,mary.miller813@example.com,25,active,acc_002
Barbara Jones,barbara.jones814@example.com,34,pending,acc_003
Barbara Miller,barbara.miller815@example.com,22,active,acc_001
William Brown,william.brown816@example.com,31,active,acc_003
William Davis,william.davis817@example.com,47,active,acc_001
Mary Rodriguez,mary.rodriguez818@example.com,64,inactive,acc_002
Barbara Garcia,barbara.garcia819@example.com,54,active,acc_001
John Smith,john.smith820@example.com,55,active,acc_002
Barbara Davis,barbara.davis821@example.com,41,inactive,acc_001
Mary Johnson,mary.johnson822@example.com,39,pending,acc_003
Elizabeth Smith,elizabeth.smith823@example.com,24,active,acc_003
Patricia Johnson,patricia.johnson824@example.com,48,active,acc_003
William Miller,william.miller825@example.com,31,active,acc_002
Jennifer Brown,jennifer.brown826@example.com,30,pending,acc_003
Michael Smith,michael.smith827@example.com,45,inactive,acc_001
James Rodriguez,james.rodriguez828@example.com,33,pending,acc_001
Patricia Martinez,patricia.martinez829@example.com,48,active,acc_002
Robert Williams,robert.williams830@example.com,61,pending,acc_003
James Jones,james.jones831@example.com,28,active,acc_002
Patricia Martinez,patricia.martinez832@example.com,47,inactive,acc_002
Robert Miller,robert.miller833@example.com,60,pending,acc_003
Linda Johnson,linda.johnson834@example.com,55,pending,acc_003
Linda Johnson,linda.johnson835@example.com,59,active,acc_003
Michael Davis,michael.davis836@example.com,50,inactive,acc_002
Barbara Williams,barbara.williams837@example.com,52,pending,acc_003
William Smith,william.smith838@example.com,21,pending,acc_003
Robert Johnson,robert.johnson839@example.com,41,inactive,acc_003
John Garcia,john.garcia840@example.com,46,inactive,acc_003
Mary Rodriguez,mary.rodriguez841@example.com,37,pending,acc_002
William Jones,william.jones842@example.com,39,inactive,acc_001
Jennifer Rodriguez,jennifer.rodriguez843@example.com,34,inactive,acc_001
Elizabeth Martinez,elizabeth.martinez844@example.com,62,pending,acc_001
Barbara Smith,barbara.smith845@example.com,49,pending,acc_001
William Brown,william.brown846@example.com,67,pending,acc_003
Elizabeth Brown,elizabeth.brown847@example.com,51,pending,acc_003
Elizabeth Williams,elizabeth.williams848@example.com,34,pending,acc_002
Elizabeth Jones,elizabeth.jones849@example.com,46,active,acc_001
James Rodriguez,james.rodriguez850@example.com,63,pending,acc_002
David Brown,david.brown851@example.com,59,inactive,acc_001
David Johnson,david.johnson852@example.com,61,inactive,acc_002
Jennifer Williams,jennifer.williams853@example.com,40,pending,acc_002
William Davis,william.davis854@example.com,54,inactive,acc_001
David Williams,david.williams855@example.com,55,active,acc_001
Robert Brown,robert.brown856@example.com,66,active,acc_001
William Williams,william.williams857@example.com,20,pending,acc_001
Barbara Jones,barbara.jones858@example.com,41,active,acc_002
William Johnson,william.johnson859@example.com,21,active,acc_002
Jennifer Martinez,jennifer.martinez860@example.com,40,inactive,acc_001
Michael Williams,michael.williams861@example.com,66,inactive,acc_002
Jennifer Johnson,jennifer.johnson862@example.com,29,active,acc_001
Elizabeth Martinez,elizabeth.martinez863@example.com,32,pending,acc_003
William Martinez,william.martinez864@example.com,62,active,acc_002
Mary Rodriguez,mary.rodriguez865@example.com,62,inactive,acc_001
Patricia Brown,patricia.brown866@example.com,54,active,acc_001
Jennifer Brown,jennifer.brown867@example.com,45,active,acc_001
Mary Garcia,mary.garcia868@example.com,38,active,acc_001
Michael Davis,michael.davis869@example.com,64,pending,acc_001
William Davis,william.davis870@example.com,29,pending,acc_003
Mary Johnson,mary.johnson871@example.com,64,inactive,acc_002
Patricia Brown,patricia.brown872@example.com,31,active,acc_001
Jennifer Davis,jennifer.davis873@example.com,35,active,acc_003
Patricia Smith,patricia.smith874@example.com,41,active,acc_003
Patricia Martinez,patricia.martinez875@example.com,52,active,acc_003
Jennifer Jones,jennifer.jones876@example.com,26,pending,acc_003
Patricia Williams,patricia.williams877@example.com,19,active,acc_002
John Smith,john.smith878@example.com,27,inactive,acc_002
William Davis,william.davis879@example.com,44,inactive,acc_002
Elizabeth Rodriguez,elizabeth.rodriguez880@example.com,19,active,acc_001
Patricia Martinez,patricia.martinez881@example.com,47,inactive,acc_003
Patricia Williams,patricia.williams882@example.com,32,inactive,acc_001
David Brown,david.brown883@example.com,42,active,acc_002
Linda Rodriguez,linda.rodriguez884@example.com,33,inactive,acc_002
Michael Rodriguez,michael.rodriguez885@example.com,52,inactive,acc_002
John Johnson,john.johnson886@example.com,31,pending,acc_003
James Miller,james.miller887@example.com,41,active,acc_001
Linda Brown,linda.brown888@example.com,26,active,acc_002
James Smith,james.smith889@example.com,59,active,acc_002
Michael Martinez,michael.martinez890@example.com,63,pending,acc_002
James Garcia,james.garcia891@example.com,58,inactive,acc_002
Robert Brown,robert.brown892@example.com,42,pending,acc_003
James Brown,james.brown893@example.com,54,active,acc_001
David Brown,david.brown894@example.com,47,pending,acc_003
Mary Jones,mary.jones895@example.com,20,active,acc_003
Jennifer Miller,jennifer.miller896@example.com,39,inactive,acc_003
James Brown,james.brown897@example.com,67,active,acc_003
Michael Martinez,michael.martinez898@example.com,20,pending,acc_003
Robert Johnson,robert.johnson899@example.com,32,pending,acc_002
Elizabeth Williams,elizabeth.williams900@example.com,67,pending,acc_003
Michael Rodriguez,michael.rodriguez901@example.com,36,pending,acc_001
James Smith,james.smith902@example.com,27,inactive,acc_002
Linda Garcia,linda.garcia903@example.com,21,inactive,acc_001
Jennifer Davis,jennifer.davis904@example.com,64,pending,acc_001
John Williams,john.williams905@example.com,32,inactive,acc_003
Mary Miller,mary.miller906@example.com,27,pending,acc_002
Elizabeth Garcia,elizabeth.garcia907@example.com,31,active,acc_001
Mary Garcia,mary.garcia908@example.com,47,pending,acc_003
John Davis,john.davis909@example.com,38,active,acc_001
Linda Martinez,linda.martinez910@example.com,19,active,acc_003
Jennifer Martinez,jennifer.martinez911@example.com,25,active,acc_002
John Miller,john.miller912@example.com,50,pending,acc_003
Mary Jones,mary.jones913@example.com,28,inactive,acc_002
Jennifer Rodriguez,jennifer.rodriguez914@example.com,57,pending,acc_003
Jennifer Smith,jennifer.smith915@example.com,48,inactive,acc_002
James Garcia,james.garcia916@example.com,65,pending,acc_002
Patricia Rodriguez,patricia.rodriguez917@example.com,55,active,acc_002
Barbara Miller,barbara.miller918@example.com,40,active,acc_001
Jennifer Garcia,jennifer.garcia919@example.com,46,active,acc_002
Mary Rodriguez,mary.rodriguez920@example.com,43,inactive,acc_002
Michael Garcia,michael.garcia921@example.com,46,inactive,acc_003
Mary Davis,mary.davis922@example.com,36,inactive,acc_002
Michael Johnson,michael.johnson923@example.com,32,pending,acc_001
Mary Smith,mary.smith924@example.com,35,pending,acc_002
Linda Jones,linda.jones925@example.com,51,active,acc_003
Michael Williams,michael.williams926@example.com,54,inactive,acc_002
Mary Williams,mary.williams927@example.com,39,active,acc_003
William Miller,william.miller928@example.com,66,active,acc_002
Michael Garcia,michael.garcia929@example.com,67,inactive,acc_001
William Jones,william.jones930@example.com,44,inactive,acc_003
James Jones,james.jones931@example.com,54,active,acc_001
John Garcia,john.garcia932@example.com,55,inactive,acc_003
Barbara Davis,barbara.davis933@example.com,35,pending,acc_002
William Martinez,william.martinez934@example.com,54,inactive,acc_003
Michael Brown,michael.brown935@example.com,21,pending,acc_001
William Jones,william.jones936@example.com,38,active,acc_002
Mary Rodriguez,mary.rodriguez937@example.com,59,inactive,acc_001
Linda Martinez,linda.martinez938@example.com,53,pending,acc_002
John Brown,john.brown939@example.com,66,pending,acc_001
Jennifer Garcia,jennifer.garcia940@example.com,47,inactive,acc_003
James Brown,james.brown941@example.com,67,pending,acc_002
Patricia Johnson,patricia.johnson942@example.com,58,inactive,acc_001
Robert Garcia,robert.garcia943@example.com,31,pending,acc_001
Patricia Williams,patricia.williams944@example.com,29,active,acc_001
Robert Jones,robert.jones945@example.com,52,pending,acc_003
James Rodriguez,james.rodriguez946@example.com,33,inactive,acc_003
Robert Garcia,robert.garcia947@example.com,65,active,acc_001
William Brown,william.brown948@example.com,24,active,acc_003
Michael Garcia,michael.garcia949@example.com,37,active,acc_001
Barbara Smith,barbara.smith950@example.com,45,active,acc_001
Patricia Johnson,patricia.johnson951@example.com,48,pending,acc_001
Robert Miller,robert.miller952@example.com,60,active,acc_002
Mary Brown,mary.brown953@example.com,65,active,acc_002
William Davis,william.davis954@example.com,63,pending,acc_001
Michael Garcia,michael.garcia955@example.com,45,inactive,acc_002
Linda Davis,linda.davis956@example.com,21,pending,acc_003
Jennifer Martinez,jennifer.martinez957@example.com,47,inactive,acc_001
John Martinez,john.martinez958@example.com,65,active,acc_002
Mary Williams,mary.williams959@example.com,45,pending,acc_002
Robert Miller,robert.miller960@example.com,30,pending,acc_003
Barbara Davis,barbara.davis961@example.com,62,inactive,acc_003
Jennifer Brown,jennifer.brown962@example.com,36,active,acc_002
James Johnson,james.johnson963@example.com,40,inactive,acc_001
Michael Garcia,michael.garcia964@example.com,56,active,acc_001
James Davis,james.davis965@example.com,40,active,acc_002
Patricia Miller,patricia.miller966@example.com,38,active,acc_003
Barbara Smith,barbara.smith967@example.com,35,inactive,acc_002
Linda Williams,linda.williams968@example.com,26,pending,acc_001
John Garcia,john.garcia969@example.com,34,active,acc_001
Jennifer Davis,jennifer.davis970@example.com,51,active,acc_003
Patricia Johnson,patricia.johnson971@example.com,55,active,acc_002
Linda Johnson,linda.johnson972@example.com,22,pending,acc_003
Patricia Brown,patricia.brown973@example.com,66,pending,acc_003
William Martinez,william.martinez974@example.com,58,active,acc_002
Barbara Garcia,barbara.garcia975@example.com,32,pending,acc_002
Jennifer Jones,jennifer.jones976@example.com,45,active,acc_002
Michael Garcia,michael.garcia977@example.com,57,inactive,acc_001
James Martinez,james.martinez978@example.com,26,active,acc_002
Jennifer Miller,jennifer.miller979@example.com,41,active,acc_001
Linda Davis,linda.davis980@example.com,53,active,acc_002
John Williams,john.williams981@example.com,50,inactive,acc_003
John Martinez,john.martinez982@example.com,60,active,acc_001
Linda Johnson,linda.johnson983@example.com,32,inactive,acc_003
John Garcia,john.garcia984@example.com,25,active,acc_002
David Rodriguez,david.rodriguez985@example.com,25,inactive,acc_003
Jennifer Rodriguez,jennifer.rodriguez986@example.com,24,active,acc_003
Linda Miller,linda.miller987@example.com,53,pending,acc_001
John Jones,john.jones988@example.com,31,active,acc_001
Elizabeth Brown,elizabeth.brown989@example.com,22,active,acc_003
David Brown,david.brown990@example.com,53,active,acc_001
Jennifer Rodriguez,jennifer.rodriguez991@example.com,18,pending,acc_003
Michael Smith,michael.smith992@example.com,46,pending,acc_002
Barbara Smith,barbara.smith993@example.com,32,active,acc_001
Patricia Brown,patricia.brown994@example.com,34,inactive,acc_001
Jennifer Smith,jennifer.smith995@example.com,20,pending,acc_001
Mary Smith,mary.smith996@example.com,66,pending,acc_002
Michael Williams,michael.williams997@example.com,37,inactive,acc_003
Elizabeth Garcia,elizabeth.garcia998@example.com,24,pending,acc_002
Barbara Williams,barbara.williams999@example.com,22,inactive,acc_001
John Johnson,john.johnson1000@example.com,47,active,acc_002
Linda Johnson,linda.johnson1001@example.com,24,active,acc_002
James Johnson,james.johnson1002@example.com,51,pending,acc_002
Jennifer Martinez,jennifer.martinez1003@example.com,42,inactive,acc_002
Patricia Davis,patricia.davis1004@example.com,53,inactive,acc_002
Mary Brown,mary.brown1005@example.com,51,pending,acc_003
Jennifer Martinez,jennifer.martinez1006@example.com,43,inactive,acc_002
Elizabeth Garcia,elizabeth.garcia1007@example.com,67,pending,acc_001
Patricia Miller,patricia.miller1008@example.com,65,pending,acc_002
Patricia Rodriguez,patricia.rodriguez1009@example.com,41,active,acc_002
James Martinez,james.martinez1010@example.com,50,active,acc_001
Robert Jones,robert.jones1011@example.com,23,inactive,acc_001
Linda Martinez,linda.martinez1012@example.com,55,inactive,acc_001
Michael Garcia,michael.garcia1013@example.com,35,pending,acc_002
Linda Rodriguez,linda.rodriguez1014@example.com,56,inactive,acc_001
William Martinez,william.martinez1015@example.com,34,active,acc_001
William Rodriguez,william.rodriguez1016@example.com,26,active,acc_001
Michael Brown,michael.brown1017@example.com,58,inactive,acc_002
Linda Williams,linda.williams1018@example.com,66,active,acc_001
Michael Johnson,michael.johnson1019@example.com,28,active,acc_002
Linda Rodriguez,linda.rodriguez1020@example.com,34,inactive,acc_003
James Brown,james.brown1021@example.com,56,active,acc_003
Mary Brown,mary.brown1022@example.com,56,pending,acc_002
Robert Smith,robert.smith1023@example.com,37,active,acc_003
David Martinez,david.martinez1024@example.com,41,pending,acc_001
Barbara Jones,barbara.jones1025@example.com,29,pending,acc_002
Elizabeth Jones,elizabeth.jones1026@example.com,64,active,acc_003
John Davis,john.davis1027@example.com,30,pending,acc_002
Patricia Jones,patricia.jones1028@example.com,64,active,acc_002
Jennifer Davis,jennifer.davis1029@example.com,52,inactive,acc_002
David Martinez,david.martinez1030@example.com,47,inactive,acc_002
Patricia Garcia,patricia.garcia1031@example.com,44,pending,acc_001
William Garcia,william.garcia1032@example.com,39,active,acc_001
Barbara Miller,barbara.miller1033@example.com,30,active,acc_003
Linda Brown,linda.brown1034@example.com,41,inactive,acc_001
John Jones,john.jones1035@example.com,25,inactive,acc_003
John Garcia,john.garcia1036@example.com,47,inactive,acc_002
Patricia Davis,patricia.davis1037@example.com,41,inactive,acc_002
John Smith,john.smith1038@example.com,19,pending,acc_001
Linda Smith,linda.smith1039@example.com,55,pending,acc_002
David Jones,david.jones1040@example.com,51,active,acc_003
James Johnson,james.johnson1041@example.com,47,active,acc_002
Michael Smith,michael.smith1042@example.com,24,active,acc_001
Linda Williams,linda.williams1043@example.com,31,active,acc_003
Linda Williams,linda.williams1044@example.com,61,pending,acc_002
Elizabeth Garcia,elizabeth.garcia1045@example.com,23,active,acc_003
Mary Williams,mary.williams1046@example.com,21,active,acc_001
Michael Miller,michael.miller1047@example.com,64,active,acc_003
Michael Brown,michael.brown1048@example.com,67,active,acc_003
Patricia Garcia,patricia.garcia1049@example.com,57,active,acc_002
David Miller,david.miller1050@example.com,23,inactive,acc_001
Linda Garcia,linda.garcia1051@example.com,53,pending,acc_003
Patricia Rodriguez,patricia.rodriguez1052@example.com,64,active,acc_003
Patricia Smith,patricia.smith1053@example.com,55,inactive,acc_003
John Rodriguez,john.rodriguez1054@example.com,63,pending,acc_002
David Miller,david.miller1055@example.com,49,pending,acc_003
Robert Miller,robert.miller1056@example.com,25,inactive,acc_003
Patricia Jones,patricia.jones1057@example.com,23,active,acc_002
William Johnson,william.johnson1058@example.com,25,active,acc_001
Patricia Garcia,patricia.garcia1059@example.com,29,inactive,acc_002
Mary Rodriguez,mary.rodriguez1060@example.com,19,pending,acc_003
Barbara Rodriguez,barbara.rodriguez1061@example.com,26,pending,acc_001
James Johnson,james.johnson1062@example.com,49,active,acc_001
Elizabeth Martinez,elizabeth.martinez1063@example.com,44,pending,acc_003
Robert Jones,robert.jones1064@example.com,58,pending,acc_002
Elizabeth Brown,elizabeth.brown1065@example.com,30,active,acc_002
Elizabeth Miller,elizabeth.miller1066@example.com,24,pending,acc_001
Michael Rodriguez,michael.rodriguez1067@example.com,27,inactive,acc_002
Barbara Miller,barbara.miller1068@example.com,59,active,acc_003
Elizabeth Rodriguez,elizabeth.rodriguez1069@example.com,62,active,acc_002
Michael Williams,michael.williams1070@example.com,41,inactive,acc_003
James Davis,james.davis1071@example.com,27,inactive,acc_003
Patricia Rodriguez,patricia.rodriguez1072@example.com,24,pending,acc_001
James Miller,james.miller1073@example.com,55,inactive,acc_003
David Jones,david.jones1074@example.com,66,inactive,acc_003
Robert Rodriguez,robert.rodriguez1075@example.com,18,pending,acc_003
William Davis,william.davis1076@example.com,66,active,acc_002
Elizabeth Williams,elizabeth.williams1077@example.com,59,active,acc_001
Patricia Jones,patricia.jones1078@example.com,26,inactive,acc_002
William Jones,william.jones1079@example.com,24,pending,acc_003
Michael Jones,michael.jones1080@example.com,38,active,acc_001
John Johnson,john.johnson1081@example.com,59,pending,acc_001
Barbara Williams,barbara.williams1082@example.com,45,inactive,acc_003
Michael Johnson,michael.johnson1083@example.com,51,pending,acc_001
Mary Smith,mary.smith1084@example.com,37,inactive,acc_001
Linda Martinez,linda.martinez1085@example.com,52,active,acc_003
David Brown,david.brown1086@example.com,37,pending,acc_002
Jennifer Miller,jennifer.miller1087@example.com,36,inactive,acc_003
Jennifer Martinez,jennifer.martinez1088@example.com,50,inactive,acc_001
David Williams,david.williams1089@example.com,18,inactive,acc_003
David Davis,david.davis1090@example.com,29,active,acc_002
Elizabeth Rodriguez,elizabeth.rodriguez1091@example.com,27,pending,acc_002
Barbara Miller,barbara.miller1092@example.com,31,pending,acc_001
James Miller,james.miller1093@example.com,38,inactive,acc_003
David Rodriguez,david.rodriguez1094@example.com,42,inactive,acc_001
Linda Davis,linda.davis1095@example.com,26,pending,acc_002
Mary Johnson,mary.johnson1096@example.com,39,pending,acc_002
David Smith,david.smith1097@example.com,27,inactive,acc_001
James Rodriguez,james.rodriguez1098@example.com,18,active,acc_003
Mary Williams,mary.williams1099@example.com,25,active,acc_002
William Martinez,william.martinez1100@example.com,22,inactive,acc_001
Michael Miller,michael.miller1101@example.com,36,active,acc_001
Patricia Brown,patricia.brown1102@example.com,28,pending,acc_003
John Williams,john.williams1103@example.com,58,pending,acc_001
Elizabeth Rodriguez,elizabeth.rodriguez1104@example.com,36,pending,acc_002
Elizabeth Jones,elizabeth.jones1105@example.com,48,pending,acc_002
Linda Martinez,linda.martinez1106@example.com,56,active,acc_001
Michael Garcia,michael.garcia1107@example.com,48,inactive,acc_002
Barbara Martinez,barbara.martinez1108@example.com,66,inactive,acc_002
Patricia Brown,patricia.brown1109@example.com,52,inactive,acc_003
Elizabeth Williams,elizabeth.williams1110@example.com,28,inactive,acc_002
Mary Williams,mary.williams1111@example.com,45,active,acc_001
Michael Brown,michael.brown1112@example.com,47,pending,acc_003
Robert Jones,robert.jones1113@example.com,23,pending,acc_001
James Martinez,james.martinez1114@example.com,30,inactive,acc_002
Elizabeth Miller,elizabeth.miller1115@example.com,38,active,acc_003
Elizabeth Davis,elizabeth.davis1116@example.com,44,pending,acc_001
Patricia Williams,patricia.williams1117@example.com,53,pending,acc_001
Michael Smith,michael.smith1118@example.com,36,inactive,acc_001
John Johnson,john.johnson1119@example.com,53,active,acc_003
Mary Miller,mary.miller1120@example.com,49,pending,acc_001
Mary Garcia,mary.garcia1121@example.com,63,inactive,acc_002
William Johnson,william.johnson1122@example.com,46,pending,acc_001
Mary Jones,mary.jones1123@example.com,58,active,acc_001
William Davis,william.davis1124@example.com,35,pending,acc_002
Patricia Johnson,patricia.johnson1125@example.com,36,active,acc_001
Linda Davis,linda.davis1126@example.com,59,active,acc_002
Robert Johnson,robert.johnson1127@example.com,59,inactive,acc_001
Michael Jones,michael.jones1128@example.com,22,pending,acc_003
Barbara Rodriguez,barbara.rodriguez1129@example.com,22,pending,acc_003
Michael Johnson,michael.johnson1130@example.com,64,pending,acc_002
Linda Williams,linda.williams1131@example.com,18,pending,acc_002
James Miller,james.miller1132@example.com,67,pending,acc_003
James Williams,james.williams1133@example.com,20,pending,acc_001
John Davis,john.davis1134@example.com,42,active,acc_003
Barbara Martinez,barbara.martinez1135@example.com,43,pending,acc_001
Elizabeth Williams,elizabeth.williams1136@example.com,21,inactive,acc_002
David Davis,david.davis1137@example.com,54,pending,acc_001
Linda Martinez,linda.martinez1138@example.com,64,active,acc_002
John Johnson,john.johnson1139@example.com,61,inactive,acc_003
Michael Rodriguez,michael.rodriguez1140@example.com,49,inactive,acc_001
Linda Jones,linda.jones1141@example.com,45,pending,acc_001
Linda Davis,linda.davis1142@example.com,21,pending,acc_001
David Williams,david.williams1143@example.com,54,pending,acc_001
Linda Garcia,linda.garcia1144@example.com,27,active,acc_001
Michael Miller,michael.miller1145@example.com,19,active,acc_001
Jennifer Smith,jennifer.smith1146@example.com,32,active,acc_001
Jennifer Davis,jennifer.davis1147@example.com,21,inactive,acc_001
Michael Brown,michael.brown1148@example.com,20,inactive,acc_002
Michael Miller,michael.miller1149@example.com,29,pending,acc_001
Linda Johnson,linda.johnson1150@example.com,47,pending,acc_001
William Garcia,william.garcia1151@example.com,61,active,acc_001
Barbara Jones,barbara.jones1152@example.com,29,inactive,acc_002
Patricia Brown,patricia.brown1153@example.com,30,pending,acc_001
Elizabeth Brown,elizabeth.brown1154@example.com,62,inactive,acc_002
Mary Johnson,mary.johnson1155@example.com,44,active,acc_003
Linda Rodriguez,linda.rodriguez1156@example.com,55,pending,acc_003
David Rodriguez,david.rodriguez1157@example.com,19,active,acc_003
Michael Rodriguez,michael.rodriguez1158@example.com,58,inactive,acc_003
John Martinez,john.martinez1159@example.com,28,pending,acc_002
Michael Martinez,michael.martinez1160@example.com,63,active,acc_002
Michael Brown,michael.brown1161@example.com,36,active,acc_003
Barbara Brown,barbara.brown1162@example.com,58,pending,acc_003
Elizabeth Williams,elizabeth.williams1163@example.com,53,inactive,acc_001
Elizabeth Williams,elizabeth.williams1164@example.com,51,active,acc_001
John Brown,john.brown1165@example.com,39,active,acc_001
Patricia Miller,patricia.miller1166@example.com,59,active,acc_002
John Johnson,john.johnson1167@example.com,28,pending,acc_001
Patricia Smith,patricia.smith1168@example.com,64,pending,acc_001
John Miller,john.miller1169@example.com,39,pending,acc_002
Robert Davis,robert.davis1170@example.com,50,inactive,acc_003
Robert Davis,robert.davis1171@example.com,45,active,acc_003
Mary Rodriguez,mary.rodriguez1172@example.com,63,pending,acc_001
Michael Smith,michael.smith1173@example.com,29,active,acc_003
James Brown,james.brown1174@example.com,18,inactive,acc_001
Jennifer Garcia,jennifer.garcia1175@example.com,37,pending,acc_003
James Davis,james.davis1176@example.com,65,pending,acc_003
James Martinez,james.martinez1177@example.com,39,pending,acc_002
Linda Williams,linda.williams1178@example.com,35,inactive,acc_003
Elizabeth Brown,elizabeth.brown1179@example.com,60,active,acc_002
Michael Brown,michael.brown1180@example.com,67,active,acc_002
Michael Williams,michael.williams1181@example.com,60,active,acc_001
John Williams,john.williams1182@example.com,33,inactive,acc_002
Barbara Davis,barbara.davis1183@example.com,33,pending,acc_002
Patricia Martinez,patricia.martinez1184@example.com,39,inactive,acc_002
Mary Jones,mary.jones1185@example.com,62,active,acc_001
Linda Brown,linda.brown1186@example.com,21,pending,acc_003
Patricia Garcia,patricia.garcia1187@example.com,54,active,acc_002
David Miller,david.miller1188@example.com,40,active,acc_002
Robert Rodriguez,robert.rodriguez1189@example.com,51,inactive,acc_001
Mary Johnson,mary.johnson1190@example.com,61,active,acc_002
Mary Williams,mary.williams1191@example.com,55,pending,acc_003
Linda Miller,linda.miller1192@example.com,53,inactive,acc_001
James Johnson,james.johnson1193@example.com,19,pending,acc_003
David Williams,david.williams1194@example.com,43,inactive,acc_003
Jennifer Rodriguez,jennifer.rodriguez1195@example.com,42,inactive,acc_002
Jennifer Miller,jennifer.miller1196@example.com,38,pending,acc_003
James Johnson,james.johnson1197@example.com,51,inactive,acc_003
John Davis,john.davis1198@example.com,59,active,acc_001
Barbara Davis,barbara.davis1199@example.com,34,active,acc_002
Michael Smith,michael.smith1200@example.com,22,active,acc_003
Linda Davis,linda.davis1201@example.com,47,active,acc_001
David Williams,david.williams1202@example.com,39,pending,acc_002
Jennifer Miller,jennifer.miller1203@example.com,63,inactive,acc_003
Patricia Brown,patricia.brown1204@example.com,53,inactive,acc_002
William Rodriguez,william.rodriguez1205@example.com,59,active,acc_003
Michael Garcia,michael.garcia1206@example.com,66,active,acc_001
Patricia Garcia,patricia.garcia1207@example.com,31,pending,acc_001
John Williams,john.williams1208@example.com,44,active,acc_002
Elizabeth Johnson,elizabeth.johnson1209@example.com,30,active,acc_002
Mary Davis,mary.davis1210@example.com,38,pending,acc_003
William Garcia,william.garcia1211@example.com,19,inactive,acc_002
Mary Johnson,mary.johnson1212@example.com,40,pending,acc_001
Robert Garcia,robert.garcia1213@example.com,41,inactive,acc_001
Barbara Garcia,barbara.garcia1214@example.com,28,inactive,acc_001
Jennifer Johnson,jennifer.johnson1215@example.com,54,active,acc_003
Robert Jones,robert.jones1216@example.com,30,pending,acc_002
Linda Rodriguez,linda.rodriguez1217@example.com,22,inactive,acc_003
Mary Garcia,mary.garcia1218@example.com,61,inactive,acc_003
Robert Jones,robert.jones1219@example.com,58,pending,acc_001
James Miller,james.miller1220@example.com,63,active,acc_002
William Davis,william.davis1221@example.com,52,inactive,acc_002
Jennifer Garcia,jennifer.garcia1222@example.com,63,active,acc_002
Linda Garcia,linda.garcia1223@example.com,30,active,acc_002
Patricia Rodriguez,patricia.rodriguez1224@example.com,63,pending,acc_002
Mary Martinez,mary.martinez1225@example.com,58,pending,acc_001
Jennifer Brown,jennifer.brown1226@example.com,43,pending,acc_002
Jennifer Johnson,jennifer.johnson1227@example.com,30,pending,acc_003
Elizabeth Williams,elizabeth.williams1228@example.com,20,inactive,acc_002
Elizabeth Williams,elizabeth.williams1229@example.com,46,pending,acc_001
Michael Williams,michael.williams1230@example.com,37,inactive,acc_002
Elizabeth Williams,elizabeth.williams1231@example.com,55,pending,acc_003
Robert Rodriguez,robert.rodriguez1232@example.com,21,active,acc_003
John Davis,john.davis1233@example.com,37,active,acc_001
Elizabeth Davis,elizabeth.davis1234@example.com,36,active,acc_003
David Johnson,david.johnson1235@example.com,18,active,acc_003
Linda Miller,linda.miller1236@example.com,28,pending,acc_003
David Garcia,david.garcia1237@example.com,61,inactive,acc_002
William Smith,william.smith1238@example.com,23,inactive,acc_002
Michael Johnson,michael.johnson1239@example.com,40,inactive,acc_001
Mary Williams,mary.williams1240@example.com,28,pending,acc_001
James Martinez,james.martinez1241@example.com,56,pending,acc_003
Robert Johnson,robert.johnson1242@example.com,58,active,acc_002
Patricia Smith,patricia.smith1243@example.com,18,inactive,acc_002
William Jones,william.jones1244@example.com,61,inactive,acc_001
John Jones,john.jones1245@example.com,35,pending,acc_003
Jennifer Jones,jennifer.jones1246@example.com,29,active,acc_003
Barbara Rodriguez,barbara.rodriguez1247@example.com,53,active,acc_003
David Jones,david.jones1248@example.com,35,active,acc_003
James Martinez,james.martinez1249@example.com,23,inactive,acc_002
Linda Brown,linda.brown1250@example.com,59,pending,acc_001
Robert Martinez,robert.martinez1251@example.com,29,inactive,acc_001
Elizabeth Miller,elizabeth.miller1252@example.com,29,active,acc_003
Michael Jones,michael.jones1253@example.com,63,active,acc_001
Jennifer Garcia,jennifer.garcia1254@example.com,43,pending,acc_002
James Garcia,james.garcia1255@example.com,49,active,acc_002
Jennifer Miller,jennifer.miller1256@example.com,27,active,acc_002
John Brown,john.brown1257@example.com,24,pending,acc_002
Michael Davis,michael.davis1258@example.com,18,pending,acc_001
Michael Johnson,michael.johnson1259@example.com,19,inactive,acc_002
Linda Garcia,linda.garcia1260@example.com,28,pending,acc_003
Barbara Miller,barbara.miller1261@example.com,51,inactive,acc_001
Michael Miller,michael.miller1262@example.com,48,inactive,acc_003
Patricia Johnson,patricia.johnson1263@example.com,53,active,acc_002
Patricia Rodriguez,patricia.rodriguez1264@example.com,21,pending,acc_003
James Williams,james.williams1265@example.com,55,pending,acc_003
James Brown,james.brown1266@example.com,48,inactive,acc_003
Robert Martinez,robert.martinez1267@example.com,38,pending,acc_001
James Williams,james.williams1268@example.com,52,inactive,acc_003
Jennifer Rodriguez,jennifer.rodriguez1269@example.com,47,inactive,acc_002
William Miller,william.miller1270@example.com,24,active,acc_003
Mary Brown,mary.brown1271@example.com,54,pending,acc_001
James Smith,james.smith1272@example.com,29,pending,acc_001
Barbara Garcia,barbara.garcia1273@example.com,45,pending,acc_002
Robert Johnson,robert.johnson1274@example.com,57,pending,acc_003
James Williams,james.williams1275@example.com,62,active,acc_002
Elizabeth Smith,elizabeth.smith1276@example.com,60,pending,acc_003
David Smith,david.smith1277@example.com,52,active,acc_001
Michael Smith,michael.smith1278@example.com,66,active,acc_003
Jennifer Garcia,jennifer.garcia1279@example.com,27,active,acc_002
William Martinez,william.martinez1280@example.com,21,active,acc_002
Elizabeth Martinez,elizabeth.martinez1281@example.com,49,active,acc_003
Jennifer Garcia,jennifer.garcia1282@example.com,37,pending,acc_002
Elizabeth Jones,elizabeth.jones1283@example.com,51,pending,acc_003
Patricia Johnson,patricia.johnson1284@example.com,39,inactive,acc_001
David Rodriguez,david.rodriguez1285@example.com,62,inactive,acc_001
William Rodriguez,william.rodriguez1286@example.com,60,active,acc_002
Linda Miller,linda.miller1287@example.com,27,active,acc_003
Elizabeth Rodriguez,elizabeth.rodriguez1288@example.com,18,inactive,acc_001
Linda Johnson,linda.johnson1289@example.com,34,active,acc_003
Elizabeth Garcia,elizabeth.garcia1290@example.com,67,pending,acc_001
Michael Smith,michael.smith1291@example.com,31,pending,acc_003
Michael Martinez,michael.martinez1292@example.com,29,inactive,acc_003
Michael Williams,michael.williams1293@example.com,19,active,acc_003
Robert Martinez,robert.martinez1294@example.com,24,active,acc_001
David Martinez,david.martinez1295@example.com,27,active,acc_001
James Miller,james.miller1296@example.com,39,inactive,acc_002
William Brown,william.brown1297@example.com,35,active,acc_001
David Johnson,david.johnson1298@example.com,64,pending,acc_002
Mary Smith,mary.smith1299@example.com,52,active,acc_002
David Johnson,david.johnson1300@example.com,61,active,acc_002
Robert Rodriguez,robert.rodriguez1301@example.com,53,inactive,acc_001
John Williams,john.williams1302@example.com,38,inactive,acc_002
John Rodriguez,john.rodriguez1303@example.com,23,pending,acc_001
Robert Garcia,robert.garcia1304@example.com,58,active,acc_002
Linda Martinez,linda.martinez1305@example.com,28,inactive,acc_002
Michael Jones,michael.jones1306@example.com,20,active,acc_002
Mary Williams,mary.williams1307@example.com,54,pending,acc_001
Michael Smith,michael.smith1308@example.com,47,pending,acc_003
David Williams,david.williams1309@example.com,34,inactive,acc_002
James Miller,james.miller1310@example.com,28,pending,acc_001
Michael Miller,michael.miller1311@example.com,43,active,acc_003
Robert Garcia,robert.garcia1312@example.com,48,pending,acc_002
William Johnson,william.johnson1313@example.com,46,inactive,acc_003
Elizabeth Miller,elizabeth.miller1314@example.com,64,pending,acc_002
Elizabeth Williams,elizabeth.williams1315@example.com,61,active,acc_001
Robert Jones,robert.jones1316@example.com,18,inactive,acc_002
Michael Jones,michael.jones1317@example.com,37,inactive,acc_002
William Brown,william.brown1318@example.com,60,pending,acc_003
Jennifer Rodriguez,jennifer.rodriguez1319@example.com,18,inactive,acc_003
Elizabeth Smith,elizabeth.smith1320@example.com,50,inactive,acc_002
Jennifer Williams,jennifer.williams1321@example.com,33,inactive,acc_003
Barbara Smith,barbara.smith1322@example.com,41,inactive,acc_003
William Rodriguez,william.rodriguez1323@example.com,50,active,acc_002
Barbara Martinez,barbara.martinez1324@example.com,26,active,acc_003
John Johnson,john.johnson1325@example.com,52,active,acc_002
Mary Smith,mary.smith1326@example.com,40,inactive,acc_002
Mary Brown,mary.brown1327@example.com,56,inactive,acc_002
Elizabeth Jones,elizabeth.jones1328@example.com,60,active,acc_002
Linda Johnson,linda.johnson1329@example.com,45,inactive,acc_001
Patricia Garcia,patricia.garcia1330@example.com,54,inactive,acc_002
Patricia Smith,patricia.smith1331@example.com,46,inactive,acc_001
William Miller,william.miller1332@example.com,26,pending,acc_003
Elizabeth Davis,elizabeth.davis1333@example.com,35,pending,acc_001
Michael Brown,michael.brown1334@example.com,23,active,acc_001
Barbara Rodriguez,barbara.rodriguez1335@example.com,37,active,acc_003
Linda Rodriguez,linda.rodriguez1336@example.com,63,active,acc_002
Barbara Smith,barbara.smith1337@example.com,49,pending,acc_002
Linda Martinez,linda.martinez1338@example.com,54,inactive,acc_003
Patricia Johnson,patricia.johnson1339@example.com,21,pending,acc_002
Mary Williams,mary.williams1340@example.com,51,pending,acc_002
Elizabeth Garcia,elizabeth.garcia1341@example.com,48,inactive,acc_001
Linda Jones,linda.jones1342@example.com,67,pending,acc_001
Linda Davis,linda.davis1343@example.com,49,inactive,acc_003
Barbara Davis,barbara.davis1344@example.com,64,inactive,acc_002
Barbara Jones,barbara.jones1345@example.com,36,inactive,acc_002
John Martinez,john.martinez1346@example.com,53,inactive,acc_001
John Davis,john.davis1347@example.com,20,active,acc_001
John Rodriguez,john.rodriguez1348@example.com,50,active,acc_002
James Garcia,james.garcia1349@example.com,36,pending,acc_002
Jennifer Garcia,jennifer.garcia1350@example.com,39,active,acc_001
James Miller,james.miller1351@example.com,26,pending,acc_002
Linda Jones,linda.jones1352@example.com,59,active,acc_002
Mary Davis,mary.davis1353@example.com,29,inactive,acc_001
James Martinez,james.martinez1354@example.com,61,inactive,acc_001
Mary Johnson,mary.johnson1355@example.com,51,active,acc_003
David Jones,david.jones1356@example.com,43,pending,acc_002
William Jones,william.jones1357@example.com,35,pending,acc_003
David Miller,david.miller1358@example.com,59,pending,acc_001
William Williams,william.williams1359@example.com,59,inactive,acc_003
Patricia Jones,patricia.jones1360@example.com,38,inactive,acc_001
Elizabeth Davis,elizabeth.davis1361@example.com,62,inactive,acc_001
Elizabeth Martinez,elizabeth.martinez1362@example.com,60,inactive,acc_002
Elizabeth Williams,elizabeth.williams1363@example.com,48,active,acc_002
John Miller,john.miller1364@example.com,49,inactive,acc_001
David Smith,david.smith1365@example.com,36,active,acc_003
John Brown,john.brown1366@example.com,49,inactive,acc_002
Jennifer Martinez,jennifer.martinez1367@example.com,54,pending,acc_003
Robert Davis,robert.davis1368@example.com,36,active,acc_001
David Brown,david.brown1369@example.com,21,active,acc_003
James Martinez,james.martinez1370@example.com,41,pending,acc_001
Michael Miller,michael.miller1371@example.com,23,inactive,acc_002
Jennifer Johnson,jennifer.johnson1372@example.com,44,inactive,acc_001
Mary Rodriguez,mary.rodriguez1373@example.com,27,active,acc_001
Elizabeth Williams,elizabeth.williams1374@example.com,32,pending,acc_002
Barbara Brown,barbara.brown1375@example.com,38,inactive,acc_001
Mary Williams,mary.williams1376@example.com,59,pending,acc_003
John Jones,john.jones1377@example.com,29,active,acc_002
James Brown,james.brown1378@example.com,64,active,acc_001
Mary Martinez,mary.martinez1379@example.com,62,inactive,acc_002
Patricia Davis,patricia.davis1380@example.com,50,pending,acc_002
James Williams,james.williams1381@example.com,51,active,acc_003
Jennifer Garcia,jennifer.garcia1382@example.com,61,inactive,acc_002
William Jones,william.jones1383@example.com,65,inactive,acc_001
Patricia Smith,patricia.smith1384@example.com,57,pending,acc_001
John Davis,john.davis1385@example.com,25,pending,acc_003
Robert Brown,robert.brown1386@example.com,46,inactive,acc_003
Elizabeth Jones,elizabeth.jones1387@example.com,63,inactive,acc_001
David Rodriguez,david.rodriguez1388@example.com,25,active,acc_002
James Johnson,james.johnson1389@example.com,21,inactive,acc_003
Barbara Williams,barbara.williams1390@example.com,41,inactive,acc_003
Robert Williams,robert.williams1391@example.com,64,inactive,acc_003
Jennifer Martinez,jennifer.martinez1392@example.com,21,inactive,acc_003
Michael Davis,michael.davis1393@example.com,59,pending,acc_001
Michael Brown,michael.brown1394@example.com,51,pending,acc_003
Linda Brown,linda.brown1395@example.com,56,active,acc_002
Elizabeth Brown,elizabeth.brown1396@example.com,19,inactive,acc_003
William Miller,william.miller1397@example.com,40,inactive,acc_001
Mary Martinez,mary.martinez1398@example.com,33,pending,acc_001
David Williams,david.williams1399@example.com,50,active,acc_001
James Johnson,james.johnson1400@example.com,26,inactive,acc_002
Elizabeth Martinez,elizabeth.martinez1401@example.com,24,inactive,acc_003
Jennifer Williams,jennifer.williams1402@example.com,38,pending,acc_003
Patricia Miller,patricia.miller1403@example.com,48,active,acc_001
James Rodriguez,james.rodriguez1404@example.com,27,pending,acc_002
Barbara Davis,barbara.davis1405@example.com,35,pending,acc_001
David Johnson,david.johnson1406@example.com,65,inactive,acc_001
William Rodriguez,william.rodriguez1407@example.com,38,pending,acc_003
James Jones,james.jones1408@example.com,65,pending,acc_002
Elizabeth Garcia,elizabeth.garcia1409@example.com,60,active,acc_003
John Smith,john.smith1410@example.com,46,inactive,acc_001
William Martinez,william.martinez1411@example.com,43,inactive,acc_003
Mary Rodriguez,mary.rodriguez1412@example.com,61,pending,acc_001
Linda Rodriguez,linda.rodriguez1413@example.com,36,pending,acc_001
James Williams,james.williams1414@example.com,25,inactive,acc_001
John Martinez,john.martinez1415@example.com,23,inactive,acc_001
John Martinez,john.martinez1416@example.com,53,pending,acc_001
Linda Johnson,linda.johnson1417@example.com,56,pending,acc_002
Elizabeth Miller,elizabeth.miller1418@example.com,50,active,acc_002
James Martinez,james.martinez1419@example.com,40,pending,acc_003
Linda Brown,linda.brown1420@example.com,48,pending,acc_002
Michael Brown,michael.brown1421@example.com,45,active,acc_002
Robert Brown,robert.brown1422@example.com,25,active,acc_003
Patricia Williams,patricia.williams1423@example.com,50,active,acc_001
Mary Jones,mary.jones1424@example.com,48,pending,acc_001
Barbara Garcia,barbara.garcia1425@example.com,21,pending,acc_002
James Rodriguez,james.rodriguez1426@example.com,41,inactive,acc_002
John Rodriguez,john.rodriguez1427@example.com,27,active,acc_001
Linda Garcia,linda.garcia1428@example.com,25,pending,acc_001
Barbara Garcia,barbara.garcia1429@example.com,40,pending,acc_001
Mary Davis,mary.davis1430@example.com,22,pending,acc_002
William Johnson,william.johnson1431@example.com,59,pending,acc_003
John Davis,john.davis1432@example.com,54,active,acc_003
Michael Williams,michael.williams1433@example.com,43,pending,acc_001
William Smith,william.smith1434@example.com,33,inactive,acc_003
Michael Johnson,michael.johnson1435@example.com,40,pending,acc_003
Michael Brown,michael.brown1436@example.com,30,inactive,acc_002
David Jones,david.jones1437@example.com,67,pending,acc_002
Jennifer Smith,jennifer.smith1438@example.com,52,inactive,acc_003
Jennifer Brown,jennifer.brown1439@example.com,67,active,acc_003
Jennifer Rodriguez,jennifer.rodriguez1440@example.com,26,active,acc_001
Patricia Davis,patricia.davis1441@example.com,28,pending,acc_001
Jennifer Garcia,jennifer.garcia1442@example.com,37,inactive,acc_002
Barbara Rodriguez,barbara.rodriguez1443@example.com,49,pending,acc_002
Linda Rodriguez,linda.rodriguez1444@example.com,66,inactive,acc_003
Michael Williams,michael.williams1445@example.com,46,pending,acc_001
James Davis,james.davis1446@example.com,31,inactive,acc_002
Barbara Brown,barbara.brown1447@example.com,56,pending,acc_002
Barbara Johnson,barbara.johnson1448@example.com,56,pending,acc_003
Linda Davis,linda.davis1449@example.com,61,active,acc_002
Michael Miller,michael.miller1450@example.com,23,active,acc_002
Jennifer Smith,jennifer.smith1451@example.com,36,active,acc_002
Mary Brown,mary.brown1452@example.com,60,inactive,acc_002
Barbara Jones,barbara.jones1453@example.com,42,inactive,acc_002
Elizabeth Rodriguez,elizabeth.rodriguez1454@example.com,41,active,acc_002
Robert Brown,robert.brown1455@example.com,41,inactive,acc_003
Barbara Johnson,barbara.johnson1456@example.com,51,active,acc_003
Robert Martinez,robert.martinez1457@example.com,67,active,acc_001
Mary Davis,mary.davis1458@example.com,18,pending,acc_002
Linda Jones,linda.jones1459@example.com,61,inactive,acc_002
Linda Garcia,linda.garcia1460@example.com,50,inactive,acc_001
Robert Johnson,robert.johnson1461@example.com,47,active,acc_003
William Martinez,william.martinez1462@example.com,26,inactive,acc_001
Patricia Garcia,patricia.garcia1463@example.com,46,inactive,acc_001
Robert Williams,robert.williams1464@example.com,47,pending,acc_003
Robert Smith,robert.smith1465@example.com,47,pending,acc_002
Mary Garcia,mary.garcia1466@example.com,31,pending,acc_001
James Smith,james.smith1467@example.com,50,active,acc_001
Elizabeth Williams,elizabeth.williams1468@example.com,24,inactive,acc_002
Jennifer Miller,jennifer.miller1469@example.com,25,active,acc_001
Jennifer Johnson,jennifer.johnson1470@example.com,24,inactive,acc_002
Elizabeth Smith,elizabeth.smith1471@example.com,43,active,acc_003
Elizabeth Garcia,elizabeth.garcia1472@example.com,46,pending,acc_002
David Smith,david.smith1473@example.com,40,inactive,acc_003
Elizabeth Rodriguez,elizabeth.rodriguez1474@example.com,26,pending,acc_003
David Smith,david.smith1475@example.com,31,pending,acc_003
James Smith,james.smith1476@example.com,36,inactive,acc_001
Jennifer Rodriguez,jennifer.rodriguez1477@example.com,23,active,acc_002
John Davis,john.davis1478@example.com,67,inactive,acc_003
William Davis,william.davis1479@example.com,47,pending,acc_001
Jennifer Rodriguez,jennifer.rodriguez1480@example.com,64,pending,acc_001
Robert Miller,robert.miller1481@example.com,60,pending,acc_001
Robert Rodriguez,robert.rodriguez1482@example.com,31,active,acc_001
Mary Davis,mary.davis1483@example.com,57,inactive,acc_001
William Johnson,william.johnson1484@example.com,59,pending,acc_003
Michael Brown,michael.brown1485@example.com,22,inactive,acc_001
Elizabeth Garcia,elizabeth.garcia1486@example.com,53,active,acc_001
James Jones,james.jones1487@example.com,51,active,acc_002
Mary Rodriguez,mary.rodriguez1488@example.com,65,active,acc_001
David Davis,david.davis1489@example.com,27,pending,acc_001
Linda Davis,linda.davis1490@example.com,57,pending,acc_003
Linda Martinez,linda.martinez1491@example.com,61,inactive,acc_002
William Williams,william.williams1492@example.com,22,inactive,acc_003
Elizabeth Jones,elizabeth.jones1493@example.com,66,active,acc_001
Elizabeth Smith,elizabeth.smith1494@example.com,25,active,acc_003
Jennifer Smith,jennifer.smith1495@example.com,29,active,acc_002
James Williams,james.williams1496@example.com,48,active,acc_003
William Smith,william.smith1497@example.com,39,inactive,acc_003
Barbara Brown,barbara.brown1498@example.com,40,active,acc_003
James Davis,james.davis1499@example.com,37,pending,acc_002
Patricia Martinez,patricia.martinez1500@example.com,47,inactive,acc_001
Patricia Williams,patricia.williams1501@example.com,43,inactive,acc_003
Elizabeth Rodriguez,elizabeth.rodriguez1502@example.com,47,active,acc_003
Elizabeth Rodriguez,elizabeth.rodriguez1503@example.com,64,inactive,acc_002
James Davis,james.davis1504@example.com,36,inactive,acc_001
Linda Williams,linda.williams1505@example.com,30,pending,acc_003
David Smith,david.smith1506@example.com,27,pending,acc_002
Mary Williams,mary.williams1507@example.com,21,pending,acc_002
Mary Johnson,mary.johnson1508@example.com,40,pending,acc_002
Linda Davis,linda.davis1509@example.com,66,inactive,acc_002
Linda Martinez,linda.martinez1510@example.com,47,active,acc_003
Linda Smith,linda.smith1511@example.com,62,active,acc_001
James Miller,james.miller1512@example.com,67,active,acc_002
Barbara Jones,barbara.jones1513@example.com,67,active,acc_002
Mary Williams,mary.williams1514@example.com,58,inactive,acc_001
James Brown,james.brown1515@example.com,58,inactive,acc_002
Mary Davis,mary.davis1516@example.com,58,inactive,acc_001
Mary Davis,mary.davis1517@example.com,51,pending,acc_001
Elizabeth Martinez,elizabeth.martinez1518@example.com,38,inactive,acc_001
Elizabeth Miller,elizabeth.miller1519@example.com,42,pending,acc_002
John Garcia,john.garcia1520@example.com,29,active,acc_003
Patricia Smith,patricia.smith1521@example.com,46,inactive,acc_002
Mary Garcia,mary.garcia1522@example.com,48,active,acc_003
Elizabeth Brown,elizabeth.brown1523@example.com,33,inactive,acc_001
Linda Rodriguez,linda.rodriguez1524@example.com,29,inactive,acc_001
Jennifer Jones,jennifer.jones1525@example.com,26,inactive,acc_003
Linda Johnson,linda.johnson1526@example.com,67,active,acc_001
Barbara Jones,barbara.jones1527@example.com,39,pending,acc_001
Linda Jones,linda.jones1528@example.com,28,active,acc_002
Barbara Johnson,barbara.johnson1529@example.com,19,inactive,acc_001
Patricia Williams,patricia.williams1530@example.com,64,active,acc_003
Patricia Johnson,patricia.johnson1531@example.com,32,inactive,acc_001
Patricia Brown,patricia.brown1532@example.com,39,active,acc_003
Patricia Garcia,patricia.garcia1533@example.com,56,pending,acc_002
Elizabeth Davis,elizabeth.davis1534@example.com,26,active,acc_003
John Rodriguez,john.rodriguez1535@example.com,29,inactive,acc_003
Robert Williams,robert.williams1536@example.com,42,inactive,acc_002
Elizabeth Garcia,elizabeth.garcia1537@example.com,51,inactive,acc_003
David Smith,david.smith1538@example.com,46,inactive,acc_002
John Rodriguez,john.rodriguez1539@example.com,24,active,acc_002
Linda Jones,linda.jones1540@example.com,28,pending,acc_001
David Jones,david.jones1541@example.com,38,inactive,acc_003
Robert Williams,robert.williams1542@example.com,33,active,acc_003
Barbara Rodriguez,barbara.rodriguez1543@example.com,33,inactive,acc_001
Linda Brown,linda.brown1544@example.com,34,pending,acc_002
James Johnson,james.johnson1545@example.com,64,inactive,acc_002
Michael Smith,michael.smith1546@example.com,26,active,acc_002
William Martinez,william.martinez1547@example.com,48,active,acc_003
Patricia Miller,patricia.miller1548@example.com,29,pending,acc_001
James Smith,james.smith1549@example.com,41,pending,acc_001
Barbara Williams,barbara.williams1550@example.com,33,inactive,acc_001
Jennifer Smith,jennifer.smith1551@example.com,37,pending,acc_002
Robert Brown,robert.brown1552@example.com,54,inactive,acc_003
Mary Miller,mary.miller1553@example.com,38,inactive,acc_002
Robert Johnson,robert.johnson1554@example.com,34,active,acc_001
Barbara Brown,barbara.brown1555@example.com,47,active,acc_003
Mary Rodriguez,mary.rodriguez1556@example.com,39,active,acc_002
James Garcia,james.garcia1557@example.com,22,active,acc_001
John Martinez,john.martinez1558@example.com,59,active,acc_001
William Brown,william.brown1559@example.com,40,pending,acc_003
Michael Davis,michael.davis1560@example.com,19,pending,acc_002
James Jones,james.jones1561@example.com,40,active,acc_003
Elizabeth Rodriguez,elizabeth.rodriguez1562@example.com,28,pending,acc_001
James Johnson,james.johnson1563@example.com,63,inactive,acc_002
Jennifer Martinez,jennifer.martinez1564@example.com,29,pending,acc_003
John Davis,john.davis1565@example.com,47,pending,acc_003
Barbara Brown,barbara.brown1566@example.com,30,pending,acc_002
Mary Garcia,mary.garcia1567@example.com,48,inactive,acc_003
Barbara Jones,barbara.jones1568@example.com,67,active,acc_001
William Garcia,william.garcia1569@example.com,24,pending,acc_001
Barbara Williams,barbara.williams1570@example.com,42,pending,acc_001
James Davis,james.davis1571@example.com,59,pending,acc_002
Jennifer Rodriguez,jennifer.rodriguez1572@example.com,46,pending,acc_003
Michael Williams,michael.williams1573@example.com,45,inactive,acc_001
Michael Garcia,michael.garcia1574@example.com,56,active,acc_001
Elizabeth Johnson,elizabeth.johnson1575@example.com,52,active,acc_001
Michael Jones,michael.jones1576@example.com,26,inactive,acc_002
Mary Brown,mary.brown1577@example.com,48,inactive,acc_003
Michael Jones,michael.jones1578@example.com,32,pending,acc_002
Patricia Williams,patricia.williams1579@example.com,47,pending,acc_002
David Garcia,david.garcia1580@example.com,67,inactive,acc_001
Linda Johnson,linda.johnson1581@example.com,59,active,acc_002
Mary Garcia,mary.garcia1582@example.com,66,pending,acc_001
Elizabeth Garcia,elizabeth.garcia1583@example.com,29,inactive,acc_003
Barbara Brown,barbara.brown1584@example.com,66,inactive,acc_001
Patricia Rodriguez,patricia.rodriguez1585@example.com,44,inactive,acc_003
Barbara Brown,barbara.brown1586@example.com,51,active,acc_001
Robert Johnson,robert.johnson1587@example.com,42,pending,acc_003
Mary Davis,mary.davis1588@example.com,39,pending,acc_002
Mary Johnson,mary.johnson1589@example.com,40,active,acc_002
David Brown,david.brown1590@example.com,18,inactive,acc_003
Elizabeth Jones,elizabeth.jones1591@example.com,26,pending,acc_002
Michael Johnson,michael.johnson1592@example.com,52,pending,acc_003
Elizabeth Rodriguez,elizabeth.rodriguez1593@example.com,63,active,acc_003
Linda Jones,linda.jones1594@example.com,58,inactive,acc_003
Linda Williams,linda.williams1595@example.com,48,active,acc_001
John Martinez,john.martinez1596@example.com,19,inactive,acc_002
Patricia Smith,patricia.smith1597@example.com,65,active,acc_001
William Martinez,william.martinez1598@example.com,23,inactive,acc_002
Mary Garcia,mary.garcia1599@example.com,23,pending,acc_003
Jennifer Garcia,jennifer.garcia1600@example.com,51,pending,acc_002
Linda Brown,linda.brown1601@example.com,22,active,acc_002
Elizabeth Smith,elizabeth.smith1602@example.com,33,pending,acc_001
Elizabeth Rodriguez,elizabeth.rodriguez1603@example.com,63,inactive,acc_003
Patricia Williams,patricia.williams1604@example.com,56,inactive,acc_002
Michael Miller,michael.miller1605@example.com,24,pending,acc_001
Robert Jones,robert.jones1606@example.com,21,active,acc_001
Michael Brown,michael.brown1607@example.com,41,active,acc_002
Jennifer Garcia,jennifer.garcia1608@example.com,23,pending,acc_001
Barbara Smith,barbara.smith1609@example.com,35,inactive,acc_003
William Martinez,william.martinez1610@example.com,30,active,acc_002
Patricia Smith,patricia.smith1611@example.com,24,active,acc_002
William Williams,william.williams1612@example.com,42,inactive,acc_003
Linda Jones,linda.jones1613@example.com,41,inactive,acc_003
Jennifer Smith,jennifer.smith1614@example.com,61,active,acc_003
Robert Miller,robert.miller1615@example.com,40,active,acc_001
Robert Miller,robert.miller1616@example.com,50,pending,acc_003
James Jones,james.jones1617@example.com,41,pending,acc_001
Barbara Rodriguez,barbara.rodriguez1618@example.com,63,pending,acc_002
Mary Miller,mary.miller1619@example.com,42,inactive,acc_003
William Johnson,william.johnson1620@example.com,56,active,acc_001
Barbara Davis,barbara.davis1621@example.com,38,inactive,acc_001
James Martinez,james.martinez1622@example.com,24,pending,acc_001
Linda Jones,linda.jones1623@example.com,44,active,acc_001
Michael Johnson,michael.johnson1624@example.com,35,inactive,acc_001
William Rodriguez,william.rodriguez1625@example.com,61,inactive,acc_003
Linda Williams,linda.williams1626@example.com,39,inactive,acc_003
Robert Miller,robert.miller1627@example.com,18,inactive,acc_002
David Rodriguez,david.rodriguez1628@example.com,53,inactive,acc_001
William Johnson,william.johnson1629@example.com,22,inactive,acc_001
James Jones,james.jones1630@example.com,45,pending,acc_002
Elizabeth Jones,elizabeth.jones1631@example.com,66,inactive,acc_002
Jennifer Rodriguez,jennifer.rodriguez1632@example.com,27,inactive,acc_002
David Jones,david.jones1633@example.com,54,inactive,acc_002
Patricia Jones,patricia.jones1634@example.com,32,active,acc_002
David Williams,david.williams1635@example.com,27,active,acc_003
Jennifer Williams,jennifer.williams1636@example.com,27,pending,acc_003
James Rodriguez,james.rodriguez1637@example.com,46,active,acc_001
James Smith,james.smith1638@example.com,55,pending,acc_003
Elizabeth Garcia,elizabeth.garcia1639@example.com,50,pending,acc_001
Robert Davis,robert.davis1640@example.com,34,inactive,acc_003
Linda Smith,linda.smith1641@example.com,59,active,acc_002
Mary Davis,mary.davis1642@example.com,53,inactive,acc_001
Robert Martinez,robert.martinez1643@example.com,24,pending,acc_002
Michael Miller,michael.miller1644@example.com,37,pending,acc_003
James Martinez,james.martinez1645@example.com,55,inactive,acc_001
Robert Williams,robert.williams1646@example.com,26,active,acc_001
Linda Jones,linda.jones1647@example.com,18,inactive,acc_002
James Davis,james.davis1648@example.com,61,inactive,acc_003
James Miller,james.miller1649@example.com,61,active,acc_002
James Smith,james.smith1650@example.com,64,pending,acc_001
Robert Williams,robert.williams1651@example.com,23,inactive,acc_002
James Williams,james.williams1652@example.com,65,pending,acc_003
Barbara Martinez,barbara.martinez1653@example.com,56,inactive,acc_003
Jennifer Williams,jennifer.williams1654@example.com,28,active,acc_001
Michael Smith,michael.smith1655@example.com,49,active,acc_003
Robert Garcia,robert.garcia1656@example.com,34,inactive,acc_003
John Johnson,john.johnson1657@example.com,66,active,acc_001
James Davis,james.davis1658@example.com,45,pending,acc_002
Patricia Garcia,patricia.garcia1659@example.com,28,active,acc_003
Robert Rodriguez,robert.rodriguez1660@example.com,63,active,acc_003
Patricia Garcia,patricia.garcia1661@example.com,42,inactive,acc_002
David Garcia,david.garcia1662@example.com,32,inactive,acc_001
Jennifer Martinez,jennifer.martinez1663@example.com,22,active,acc_003
Michael Smith,michael.smith1664@example.com,21,pending,acc_003
Barbara Brown,barbara.brown1665@example.com,31,active,acc_003
Patricia Williams,patricia.williams1666@example.com,63,pending,acc_002
John Davis,john.davis1667@example.com,63,inactive,acc_003
Patricia Jones,patricia.jones1668@example.com,34,active,acc_003
Linda Smith,linda.smith1669@example.com,30,inactive,acc_001
Jennifer Miller,jennifer.miller1670@example.com,45,pending,acc_003
William Davis,william.davis1671@example.com,21,active,acc_001
Jennifer Davis,jennifer.davis1672@example.com,63,pending,acc_002
Elizabeth Garcia,elizabeth.garcia1673@example.com,39,pending,acc_001
Linda Williams,linda.williams1674@example.com,26,pending,acc_001
Robert Jones,robert.jones1675@example.com,55,inactive,acc_003
John Miller,john.miller1676@example.com,35,pending,acc_003
Jennifer Miller,jennifer.miller1677@example.com,34,pending,acc_002
Michael Garcia,michael.garcia1678@example.com,37,inactive,acc_001
Jennifer Jones,jennifer.jones1679@example.com,40,pending,acc_002
John Jones,john.jones1680@example.com,23,inactive,acc_003
Mary Jones,mary.jones1681@example.com,44,inactive,acc_003
David Martinez,david.martinez1682@example.com,52,active,acc_001
Mary Williams,mary.williams1683@example.com,51,pending,acc_001
James Rodriguez,james.rodriguez1684@example.com,28,active,acc_001
John Johnson,john.johnson1685@example.com,18,active,acc_003
Linda Williams,linda.williams1686@example.com,58,inactive,acc_003
Mary Martinez,mary.martinez1687@example.com,39,inactive,acc_002
Robert Miller,robert.miller1688@example.com,40,pending,acc_002
Patricia Garcia,patricia.garcia1689@example.com,63,pending,acc_003
Mary Smith,mary.smith1690@example.com,61,pending,acc_002
William Brown,william.brown1691@example.com,28,active,acc_001
Robert Jones,robert.jones1692@example.com,55,active,acc_001
Linda Brown,linda.brown1693@example.com,28,pending,acc_001
Barbara Jones,barbara.jones1694@example.com,23,inactive,acc_001
William Jones,william.jones1695@example.com,50,pending,acc_002
Mary Davis,mary.davis1696@example.com,22,pending,acc_001
Patricia Williams,patricia.williams1697@example.com,47,active,acc_002
Robert Martinez,robert.martinez1698@example.com,64,active,acc_001
Linda Martinez,linda.martinez1699@example.com,23,pending,acc_001
John Smith,john.smith1700@example.com,62,inactive,acc_003
Robert Garcia,robert.garcia1701@example.com,65,active,acc_001
Michael Garcia,michael.garcia1702@example.com,28,inactive,acc_003
Mary Garcia,mary.garcia1703@example.com,18,pending,acc_003
John Rodriguez,john.rodriguez1704@example.com,35,inactive,acc_003
James Miller,james.miller1705@example.com,54,pending,acc_003
David Jones,david.jones1706@example.com,59,pending,acc_001
Barbara Miller,barbara.miller1707@example.com,64,inactive,acc_001
Robert Miller,robert.miller1708@example.com,42,pending,acc_003
Michael Smith,michael.smith1709@example.com,44,inactive,acc_001
Mary Smith,mary.smith1710@example.com,43,active,acc_002
Elizabeth Jones,elizabeth.jones1711@example.com,20,pending,acc_001
Jennifer Jones,jennifer.jones1712@example.com,22,inactive,acc_002
Linda Rodriguez,linda.rodriguez1713@example.com,63,pending,acc_003
Robert Smith,robert.smith1714@example.com,66,inactive,acc_001
James Brown,james.brown1715@example.com,65,inactive,acc_001
Barbara Brown,barbara.brown1716@example.com,23,pending,acc_003
Mary Davis,mary.davis1717@example.com,38,inactive,acc_003
James Smith,james.smith1718@example.com,44,active,acc_001
Patricia Garcia,patricia.garcia1719@example.com,26,inactive,acc_003
Robert Williams,robert.williams1720@example.com,57,pending,acc_002
Elizabeth Martinez,elizabeth.martinez1721@example.com,61,inactive,acc_003
Robert Jones,robert.jones1722@example.com,53,active,acc_001
David Williams,david.williams1723@example.com,37,active,acc_001
William Davis,william.davis1724@example.com,64,pending,acc_001
Patricia Martinez,patricia.martinez1725@example.com,21,inactive,acc_003
Patricia Jones,patricia.jones1726@example.com,49,inactive,acc_003
Mary Williams,mary.williams1727@example.com,54,pending,acc_002
Linda Garcia,linda.garcia1728@example.com,42,active,acc_001
Jennifer Smith,jennifer.smith1729@example.com,42,pending,acc_002
William Rodriguez,william.rodriguez1730@example.com,19,pending,acc_003
Michael Garcia,michael.garcia1731@example.com,42,pending,acc_002
Robert Davis,robert.davis1732@example.com,26,active,acc_003
Mary Brown,mary.brown1733@example.com,34,active,acc_003
John Smith,john.smith1734@example.com,54,pending,acc_001
Linda Miller,linda.miller1735@example.com,39,pending,acc_002
Jennifer Miller,jennifer.miller1736@example.com,46,inactive,acc_001
Linda Davis,linda.davis1737@example.com,47,pending,acc_002
David Martinez,david.martinez1738@example.com,53,pending,acc_001
Patricia Davis,patricia.davis1739@example.com,57,inactive,acc_003
David Brown,david.brown1740@example.com,33,active,acc_003
Robert Smith,robert.smith1741@example.com,42,pending,acc_002
Linda Garcia,linda.garcia1742@example.com,39,active,acc_002
James Davis,james.davis1743@example.com,41,inactive,acc_003
Michael Jones,michael.jones1744@example.com,46,inactive,acc_002
David Davis,david.davis1745@example.com,56,pending,acc_002
David Garcia,david.garcia1746@example.com,54,inactive,acc_002
Elizabeth Rodriguez,elizabeth.rodriguez1747@example.com,63,inactive,acc_001
James Miller,james.miller1748@example.com,22,inactive,acc_002
Linda Martinez,linda.martinez1749@example.com,38,pending,acc_001
David Garcia,david.garcia1750@example.com,34,inactive,acc_001
Michael Rodriguez,michael.rodriguez1751@example.com,45,pending,acc_002
William Garcia,william.garcia1752@example.com,52,pending,acc_003
David Brown,david.brown1753@example.com,53,inactive,acc_002
Elizabeth Martinez,elizabeth.martinez1754@example.com,41,pending,acc_001
John Garcia,john.garcia1755@example.com,55,active,acc_001
William Rodriguez,william.rodriguez1756@example.com,51,pending,acc_002
John Williams,john.williams1757@example.com,36,pending,acc_001
Linda Miller,linda.miller1758@example.com,56,pending,acc_003
Linda Williams,linda.williams1759@example.com,38,active,acc_003
Robert Smith,robert.smith1760@example.com,22,active,acc_003
Linda Smith,linda.smith1761@example.com,22,inactive,acc_003
Robert Rodriguez,robert.rodriguez1762@example.com,46,inactive,acc_003
Barbara Jones,barbara.jones1763@example.com,40,pending,acc_001
Linda Davis,linda.davis1764@example.com,37,pending,acc_003
Patricia Rodriguez,patricia.rodriguez1765@example.com,31,active,acc_002
David Rodriguez,david.rodriguez1766@example.com,49,active,acc_001
William Smith,william.smith1767@example.com,24,pending,acc_003
Linda Garcia,linda.garcia1768@example.com,33,inactive,acc_001
John Miller,john.miller1769@example.com,29,pending,acc_003
Michael Jones,michael.jones1770@example.com,54,inactive,acc_001
Robert Davis,robert.davis1771@example.com,52,pending,acc_001
Barbara Brown,barbara.brown1772@example.com,41,active,acc_002
Robert Davis,robert.davis1773@example.com,39,inactive,acc_002
Mary Williams,mary.williams1774@example.com,30,pending,acc_003
James Rodriguez,james.rodriguez1775@example.com,19,inactive,acc_002
Barbara Williams,barbara.williams1776@example.com,21,active,acc_003
Elizabeth Williams,elizabeth.williams1777@example.com,45,pending,acc_001
Jennifer Jones,jennifer.jones1778@example.com,40,pending,acc_003
James Johnson,james.johnson1779@example.com,33,pending,acc_002
James Williams,james.williams1780@example.com,49,inactive,acc_002
Robert Williams,robert.williams1781@example.com,64,inactive,acc_001
David Brown,david.brown1782@example.com,48,pending,acc_002
Michael Miller,michael.miller1783@example.com,21,active,acc_002
Mary Johnson,mary.johnson1784@example.com,36,active,acc_001
James Martinez,james.martinez1785@example.com,21,pending,acc_003
James Brown,james.brown1786@example.com,57,pending,acc_003
Barbara Miller,barbara.miller1787@example.com,46,pending,acc_003
David Jones,david.jones1788@example.com,60,inactive,acc_001
Barbara Williams,barbara.williams1789@example.com,34,inactive,acc_001
William Davis,william.davis1790@example.com,46,inactive,acc_002
Jennifer Jones,jennifer.jones1791@example.com,59,active,acc_003
Mary Johnson,mary.johnson1792@example.com,32,active,acc_002
Michael Brown,michael.brown1793@example.com,37,pending,acc_002
Robert Davis,robert.davis1794@example.com,49,inactive,acc_002
Patricia Davis,patricia.davis1795@example.com,66,pending,acc_001
William Rodriguez,william.rodriguez1796@example.com,66,pending,acc_001
Mary Martinez,mary.martinez1797@example.com,50,active,acc_003
James Garcia,james.garcia1798@example.com,29,pending,acc_002
Linda Johnson,linda.johnson1799@example.com,54,active,acc_003
Elizabeth Davis,elizabeth.davis1800@example.com,49,inactive,acc_001
Linda Brown,linda.brown1801@example.com,23,inactive,acc_001
Mary Johnson,mary.johnson1802@example.com,60,inactive,acc_003
James Brown,james.brown1803@example.com,60,inactive,acc_002
Jennifer Jones,jennifer.jones1804@example.com,49,inactive,acc_002
Elizabeth Rodriguez,elizabeth.rodriguez1805@example.com,52,pending,acc_001
Mary Jones,mary.jones1806@example.com,38,inactive,acc_003
David Miller,david.miller1807@example.com,64,pending,acc_003
Patricia Miller,patricia.miller1808@example.com,52,inactive,acc_001
David Davis,david.davis1809@example.com,30,pending,acc_003
Michael Smith,michael.smith1810@example.com,54,pending,acc_002
Linda Jones,linda.jones1811@example.com,55,pending,acc_003
Jennifer Brown,jennifer.brown1812@example.com,34,pending,acc_001
David Johnson,david.johnson1813@example.com,28,inactive,acc_002
James Garcia,james.garcia1814@example.com,41,inactive,acc_001
David Brown,david.brown1815@example.com,54,inactive,acc_003
David Davis,david.davis1816@example.com,38,active,acc_001
Mary Garcia,mary.garcia1817@example.com,33,inactive,acc_001
Barbara Davis,barbara.davis1818@example.com,65,inactive,acc_003
Patricia Johnson,patricia.johnson1819@example.com,31,active,acc_003
Patricia Johnson,patricia.johnson1820@example.com,64,active,acc_003
Jennifer Brown,jennifer.brown1821@example.com,55,inactive,acc_002
Michael Rodriguez,michael.rodriguez1822@example.com,64,inactive,acc_001
John Jones,john.jones1823@example.com,62,inactive,acc_001
Michael Smith,michael.smith1824@example.com,24,active,acc_003
Patricia Rodriguez,patricia.rodriguez1825@example.com,28,inactive,acc_003
Michael Garcia,michael.garcia1826@example.com,59,active,acc_002
Michael Davis,michael.davis1827@example.com,38,pending,acc_003
John Davis,john.davis1828@example.com,45,inactive,acc_003
Patricia Davis,patricia.davis1829@example.com,23,active,acc_003
David Rodriguez,david.rodriguez1830@example.com,58,pending,acc_001
James Rodriguez,james.rodriguez1831@example.com,49,inactive,acc_003
Jennifer Williams,jennifer.williams1832@example.com,65,active,acc_002
Elizabeth Brown,elizabeth.brown1833@example.com,59,pending,acc_003
Linda Martinez,linda.martinez1834@example.com,30,active,acc_001
Michael Garcia,michael.garcia1835@example.com,25,active,acc_002
James Rodriguez,james.rodriguez1836@example.com,26,inactive,acc_001
Barbara Garcia,barbara.garcia1837@example.com,24,active,acc_003
William Miller,william.miller1838@example.com,36,pending,acc_003
Michael Miller,michael.miller1839@example.com,63,pending,acc_001
Elizabeth Rodriguez,elizabeth.rodriguez1840@example.com,60,inactive,acc_001
John Rodriguez,john.rodriguez1841@example.com,57,active,acc_002
Elizabeth Williams,elizabeth.williams1842@example.com,53,active,acc_001
Jennifer Miller,jennifer.miller1843@example.com,58,active,acc_003
Barbara Brown,barbara.brown1844@example.com,33,active,acc_003
Jennifer Martinez,jennifer.martinez1845@example.com,20,pending,acc_002
David Williams,david.williams1846@example.com,26,active,acc_002
William Miller,william.miller1847@example.com,20,inactive,acc_003
Elizabeth Brown,elizabeth.brown1848@example.com,30,pending,acc_001
Robert Williams,robert.williams1849@example.com,38,pending,acc_002
Linda Jones,linda.jones1850@example.com,38,inactive,acc_001
Elizabeth Rodriguez,elizabeth.rodriguez1851@example.com,39,pending,acc_003
John Rodriguez,john.rodriguez1852@example.com,43,inactive,acc_002
Mary Garcia,mary.garcia1853@example.com,46,inactive,acc_003
Patricia Jones,patricia.jones1854@example.com,43,inactive,acc_001
Robert Martinez,robert.martinez1855@example.com,48,pending,acc_003
James Williams,james.williams1856@example.com,20,pending,acc_003
Barbara Martinez,barbara.martinez1857@example.com,62,inactive,acc_003
Patricia Jones,patricia.jones1858@example.com,56,inactive,acc_002
William Miller,william.miller1859@example.com,39,active,acc_002
David Rodriguez,david.rodriguez1860@example.com,18,active,acc_001
Barbara Rodriguez,barbara.rodriguez1861@example.com,37,inactive,acc_001
Michael Smith,michael.smith1862@example.com,19,active,acc_001
Robert Williams,robert.williams1863@example.com,51,pending,acc_001
Jennifer Martinez,jennifer.martinez1864@example.com,42,pending,acc_002
Mary Rodriguez,mary.rodriguez1865@example.com,43,pending,acc_001
Patricia Williams,patricia.williams1866@example.com,27,active,acc_003
Elizabeth Smith,elizabeth.smith1867@example.com,51,active,acc_001
Jennifer Smith,jennifer.smith1868@example.com,21,active,acc_001
Michael Martinez,michael.martinez1869@example.com,25,pending,acc_003
James Brown,james.brown1870@example.com,22,pending,acc_002
Patricia Miller,patricia.miller1871@example.com,45,active,acc_002
Michael Brown,michael.brown1872@example.com,50,pending,acc_002
Mary Rodriguez,mary.rodriguez1873@example.com,38,pending,acc_001
David Miller,david.miller1874@example.com,52,pending,acc_002
Patricia Martinez,patricia.martinez1875@example.com,27,inactive,acc_001
Elizabeth Martinez,elizabeth.martinez1876@example.com,54,active,acc_001
John Davis,john.davis1877@example.com,29,active,acc_002
John Davis,john.davis1878@example.com,24,active,acc_001
David Rodriguez,david.rodriguez1879@example.com,60,active,acc_002
Elizabeth Smith,elizabeth.smith1880@example.com,34,pending,acc_003
David Martinez,david.martinez1881@example.com,50,pending,acc_001
Robert Brown,robert.brown1882@example.com,48,inactive,acc_003
John Jones,john.jones1883@example.com,65,pending,acc_001
Barbara Rodriguez,barbara.rodriguez1884@example.com,44,inactive,acc_002
William Johnson,william.johnson1885@example.com,19,active,acc_001
James Jones,james.jones1886@example.com,55,active,acc_003
Linda Garcia,linda.garcia1887@example.com,38,active,acc_002
Michael Garcia,michael.garcia1888@example.com,60,active,acc_003
Linda Garcia,linda.garcia1889@example.com,59,active,acc_001
David Rodriguez,david.rodriguez1890@example.com,43,active,acc_001
Linda Johnson,linda.johnson1891@example.com,53,inactive,acc_001
Linda Martinez,linda.martinez1892@example.com,45,active,acc_002
James Johnson,james.johnson1893@example.com,26,active,acc_002
Mary Jones,mary.jones1894@example.com,51,pending,acc_003
Barbara Jones,barbara.jones1895@example.com,67,inactive,acc_001
Michael Johnson,michael.johnson1896@example.com,28,pending,acc_003
Jennifer Martinez,jennifer.martinez1897@example.com,52,inactive,acc_002
Jennifer Jones,jennifer.jones1898@example.com,54,inactive,acc_003
Barbara Davis,barbara.davis1899@example.com,25,inactive,acc_002
David Martinez,david.martinez1900@example.com,46,inactive,acc_001
John Martinez,john.martinez1901@example.com,18,active,acc_001
Elizabeth Johnson,elizabeth.johnson1902@example.com,33,inactive,acc_002
James Garcia,james.garcia1903@example.com,22,inactive,acc_001
Patricia Martinez,patricia.martinez1904@example.com,65,active,acc_003
William Martinez,william.martinez1905@example.com,47,inactive,acc_001
Jennifer Williams,jennifer.williams1906@example.com,65,active,acc_003
Linda Garcia,linda.garcia1907@example.com,30,active,acc_001
David Brown,david.brown1908@example.com,64,active,acc_002
David Garcia,david.garcia1909@example.com,67,active,acc_001
Robert Jones,robert.jones1910@example.com,44,active,acc_002
Jennifer Garcia,jennifer.garcia1911@example.com,18,inactive,acc_001
Barbara Jones,barbara.jones1912@example.com,46,active,acc_002
Mary Davis,mary.davis1913@example.com,24,active,acc_002
Jennifer Smith,jennifer.smith1914@example.com,36,active,acc_003
Elizabeth Rodriguez,elizabeth.rodriguez1915@example.com,25,inactive,acc_003
William Miller,william.miller1916@example.com,21,pending,acc_001
Linda Jones,linda.jones1917@example.com,53,active,acc_001
Robert Garcia,robert.garcia1918@example.com,36,pending,acc_001
Mary Johnson,mary.johnson1919@example.com,20,inactive,acc_001
John Smith,john.smith1920@example.com,34,inactive,acc_003
Elizabeth Jones,elizabeth.jones1921@example.com,29,active,acc_001
Mary Jones,mary.jones1922@example.com,66,pending,acc_002
Robert Smith,robert.smith1923@example.com,39,active,acc_002
James Davis,james.davis1924@example.com,56,active,acc_002
Mary Rodriguez,mary.rodriguez1925@example.com,54,active,acc_003
David Rodriguez,david.rodriguez1926@example.com,44,active,acc_001
John Garcia,john.garcia1927@example.com,48,active,acc_002
Patricia Rodriguez,patricia.rodriguez1928@example.com,28,pending,acc_003
Patricia Rodriguez,patricia.rodriguez1929@example.com,31,pending,acc_003
Linda Garcia,linda.garcia1930@example.com,53,inactive,acc_002
Jennifer Smith,jennifer.smith1931@example.com,25,pending,acc_002
Patricia Williams,patricia.williams1932@example.com,36,pending,acc_003
Jennifer Brown,jennifer.brown1933@example.com,50,inactive,acc_002
David Brown,david.brown1934@example.com,19,inactive,acc_003
John Miller,john.miller1935@example.com,34,active,acc_001
Elizabeth Garcia,elizabeth.garcia1936@example.com,39,inactive,acc_001
Patricia Martinez,patricia.martinez1937@example.com,49,active,acc_002
David Smith,david.smith1938@example.com,38,inactive,acc_001
Mary Jones,mary.jones1939@example.com,36,active,acc_003
Robert Williams,robert.williams1940@example.com,52,active,acc_002
Jennifer Garcia,jennifer.garcia1941@example.com,59,inactive,acc_003
William Davis,william.davis1942@example.com,50,active,acc_003
David Williams,david.williams1943@example.com,57,pending,acc_001
Patricia Rodriguez,patricia.rodriguez1944@example.com,29,pending,acc_001
Linda Johnson,linda.johnson1945@example.com,28,active,acc_003
William Rodriguez,william.rodriguez1946@example.com,32,inactive,acc_003
Barbara Williams,barbara.williams1947@example.com,37,active,acc_002
Patricia Smith,patricia.smith1948@example.com,47,active,acc_002
William Martinez,william.martinez1949@example.com,32,pending,acc_001
Jennifer Brown,jennifer.brown1950@example.com,22,active,acc_002
Barbara Rodriguez,barbara.rodriguez1951@example.com,51,inactive,acc_003
David Rodriguez,david.rodriguez1952@example.com,19,active,acc_002
John Johnson,john.johnson1953@example.com,67,inactive,acc_003
David Smith,david.smith1954@example.com,51,active,acc_003
William Johnson,william.johnson1955@example.com,61,active,acc_002
Robert Williams,robert.williams1956@example.com,50,pending,acc_002
Mary Williams,mary.williams1957@example.com,65,active,acc_003
Michael Jones,michael.jones1958@example.com,28,pending,acc_002
Barbara Williams,barbara.williams1959@example.com,28,pending,acc_002
Jennifer Miller,jennifer.miller1960@example.com,24,pending,acc_001
Jennifer Jones,jennifer.jones1961@example.com,51,inactive,acc_003
William Johnson,william.johnson1962@example.com,52,inactive,acc_001
Linda Brown,linda.brown1963@example.com,40,pending,acc_003
Elizabeth Rodriguez,elizabeth.rodriguez1964@example.com,66,inactive,acc_002
David Davis,david.davis1965@example.com,36,active,acc_003
Linda Johnson,linda.johnson1966@example.com,51,pending,acc_002
Robert Smith,robert.smith1967@example.com,19,pending,acc_002
Elizabeth Miller,elizabeth.miller1968@example.com,58,pending,acc_003
William Rodriguez,william.rodriguez1969@example.com,67,pending,acc_002
Jennifer Williams,jennifer.williams1970@example.com,48,active,acc_001
James Johnson,james.johnson1971@example.com,52,pending,acc_003
John Martinez,john.martinez1972@example.com,49,active,acc_001
Patricia Williams,patricia.williams1973@example.com,18,pending,acc_003
David Rodriguez,david.rodriguez1974@example.com,44,pending,acc_001
John Brown,john.brown1975@example.com,40,inactive,acc_001
Jennifer Miller,jennifer.miller1976@example.com,24,inactive,acc_003
Elizabeth Smith,elizabeth.smith1977@example.com,39,active,acc_001
Jennifer Rodriguez,jennifer.rodriguez1978@example.com,37,pending,acc_003
John Johnson,john.johnson1979@example.com,51,inactive,acc_001
Patricia Garcia,patricia.garcia1980@example.com,32,inactive,acc_003
Linda Johnson,linda.johnson1981@example.com,60,active,acc_003
Linda Jones,linda.jones1982@example.com,61,active,acc_002
James Garcia,james.garcia1983@example.com,44,pending,acc_002
John Jones,john.jones1984@example.com,24,inactive,acc_003
Barbara Williams,barbara.williams1985@example.com,36,pending,acc_002
John Johnson,john.johnson1986@example.com,41,active,acc_002
William Miller,william.miller1987@example.com,55,pending,acc_002
Linda Martinez,linda.martinez1988@example.com,42,pending,acc_001
David Jones,david.jones1989@example.com,18,active,acc_003
Mary Miller,mary.miller1990@example.com,26,active,acc_001
James Miller,james.miller1991@example.com,53,inactive,acc_002
Barbara Garcia,barbara.garcia1992@example.com,19,active,acc_003
John Jones,john.jones1993@example.com,21,inactive,acc_002
Barbara Brown,barbara.brown1994@example.com,40,inactive,acc_001
David Garcia,david.garcia1995@example.com,22,inactive,acc_003
Elizabeth Jones,elizabeth.jones1996@example.com,24,active,acc_002
Jennifer Jones,jennifer.jones1997@example.com,40,pending,acc_002
Robert Johnson,robert.johnson1998@example.com,42,active,acc_001
Jennifer Davis,jennifer.davis1999@example.com,66,active,acc_003
Barbara Martinez,barbara.martinez2000@example.com,49,active,acc_002
Patricia Martinez,patricia.martinez2001@example.com,22,active,acc_003
Michael Brown,michael.brown2002@example.com,19,pending,acc_003
Mary Miller,mary.miller2003@example.com,42,active,acc_002
Michael Jones,michael.jones2004@example.com,46,pending,acc_003
John Davis,john.davis2005@example.com,40,pending,acc_003
Mary Johnson,mary.johnson2006@example.com,42,pending,acc_002
Jennifer Garcia,jennifer.garcia2007@example.com,28,inactive,acc_002
Michael Brown,michael.brown2008@example.com,22,pending,acc_003
Robert Rodriguez,robert.rodriguez2009@example.com,67,active,acc_001
Patricia Garcia,patricia.garcia2010@example.com,65,pending,acc_001
Mary Williams,mary.williams2011@example.com,37,pending,acc_002
Jennifer Smith,jennifer.smith2012@example.com,57,active,acc_001
Barbara Martinez,barbara.martinez2013@example.com,59,pending,acc_003
William Johnson,william.johnson2014@example.com,25,inactive,acc_001
Jennifer Miller,jennifer.miller2015@example.com,28,inactive,acc_002
James Davis,james.davis2016@example.com,19,pending,acc_002
John Williams,john.williams2017@example.com,57,inactive,acc_003
William Miller,william.miller2018@example.com,63,pending,acc_001
Linda Williams,linda.williams2019@example.com,25,pending,acc_003
Mary Davis,mary.davis2020@example.com,60,inactive,acc_003
James Rodriguez,james.rodriguez2021@example.com,18,pending,acc_001
Patricia Martinez,patricia.martinez2022@example.com,48,pending,acc_003
Barbara Smith,barbara.smith2023@example.com,35,pending,acc_002
Robert Brown,robert.brown2024@example.com,21,inactive,acc_003
Linda Garcia,linda.garcia2025@example.com,66,pending,acc_001
Mary Johnson,mary.johnson2026@example.com,61,pending,acc_002
David Smith,david.smith2027@example.com,24,pending,acc_001
Robert Smith,robert.smith2028@example.com,19,pending,acc_001
Jennifer Brown,jennifer.brown2029@example.com,18,pending,acc_002
John Smith,john.smith2030@example.com,31,pending,acc_003
Linda Miller,linda.miller2031@example.com,44,pending,acc_002
James Davis,james.davis2032@example.com,48,inactive,acc_003
Mary Williams,mary.williams2033@example.com,48,inactive,acc_003
Patricia Brown,patricia.brown2034@example.com,66,inactive,acc_002
John Miller,john.miller2035@example.com,62,pending,acc_001
Linda Miller,linda.miller2036@example.com,28,inactive,acc_001
William Brown,william.brown2037@example.com,53,pending,acc_003
William Garcia,william.garcia2038@example.com,61,pending,acc_002
Mary Davis,mary.davis2039@example.com,48,pending,acc_003
John Rodriguez,john.rodriguez2040@example.com,62,pending,acc_001
Robert Brown,robert.brown2041@example.com,35,active,acc_001
James Garcia,james.garcia2042@example.com,46,inactive,acc_002
Elizabeth Brown,elizabeth.brown2043@example.com,64,active,acc_003
Robert Johnson,robert.johnson2044@example.com,50,inactive,acc_001
David Garcia,david.garcia2045@example.com,27,inactive,acc_001
Elizabeth Williams,elizabeth.williams2046@example.com,64,active,acc_002
David Jones,david.jones2047@example.com,54,inactive,acc_001
Barbara Jones,barbara.jones2048@example.com,54,inactive,acc_001
Jennifer Jones,jennifer.jones2049@example.com,32,active,acc_002
David Garcia,david.garcia2050@example.com,54,pending,acc_001
Linda Brown,linda.brown2051@example.com,21,inactive,acc_003
Elizabeth Martinez,elizabeth.martinez2052@example.com,32,inactive,acc_002
Linda Brown,linda.brown2053@example.com,25,active,acc_003
Patricia Garcia,patricia.garcia2054@example.com,35,pending,acc_003
John Brown,john.brown2055@example.com,54,inactive,acc_002
Patricia Smith,patricia.smith2056@example.com,57,pending,acc_001
John Davis,john.davis2057@example.com,51,active,acc_001
John Miller,john.miller2058@example.com,66,active,acc_001
Jennifer Martinez,jennifer.martinez2059@example.com,55,pending,acc_003
Jennifer Miller,jennifer.miller2060@example.com,51,active,acc_003
William Smith,william.smith2061@example.com,35,active,acc_001
Mary Martinez,mary.martinez2062@example.com,19,active,acc_002
Patricia Williams,patricia.williams2063@example.com,43,pending,acc_002
Mary Williams,mary.williams2064@example.com,49,pending,acc_002
James Rodriguez,james.rodriguez2065@example.com,47,pending,acc_001
Mary Williams,mary.williams2066@example.com,26,inactive,acc_003
Patricia Johnson,patricia.johnson2067@example.com,56,pending,acc_002
Jennifer Martinez,jennifer.martinez2068@example.com,41,active,acc_002
David Jones,david.jones2069@example.com,42,active,acc_002
Linda Williams,linda.williams2070@example.com,61,active,acc_003
Robert Martinez,robert.martinez2071@example.com,27,active,acc_002
James Williams,james.williams2072@example.com,54,active,acc_003
David Williams,david.williams2073@example.com,41,active,acc_003
John Brown,john.brown2074@example.com,64,inactive,acc_001
John Miller,john.miller2075@example.com,63,active,acc_001
Barbara Williams,barbara.williams2076@example.com,34,active,acc_001
William Martinez,william.martinez2077@example.com,32,inactive,acc_001
Robert Martinez,robert.martinez2078@example.com,27,active,acc_003
Elizabeth Miller,elizabeth.miller2079@example.com,26,inactive,acc_003
Jennifer Williams,jennifer.williams2080@example.com,44,active,acc_002
Jennifer Davis,jennifer.davis2081@example.com,34,active,acc_003
David Davis,david.davis2082@example.com,40,pending,acc_003
Linda Smith,linda.smith2083@example.com,27,active,acc_002
Mary Miller,mary.miller2084@example.com,65,pending,acc_003
Robert Davis,robert.davis2085@example.com,22,pending,acc_003
James Smith,james.smith2086@example.com,52,active,acc_001
Mary Brown,mary.brown2087@example.com,18,pending,acc_002
Elizabeth Martinez,elizabeth.martinez2088@example.com,63,inactive,acc_002
Elizabeth Martinez,elizabeth.martinez2089@example.com,18,inactive,acc_002
Jennifer Brown,jennifer.brown2090@example.com,43,active,acc_003
Elizabeth Davis,elizabeth.davis2091@example.com,65,active,acc_001
John Garcia,john.garcia2092@example.com,62,inactive,acc_003
Jennifer Williams,jennifer.williams2093@example.com,20,pending,acc_002
Elizabeth Johnson,elizabeth.johnson2094@example.com,23,pending,acc_003
Elizabeth Garcia,elizabeth.garcia2095@example.com,60,pending,acc_001
Robert Brown,robert.brown2096@example.com,30,pending,acc_003
Elizabeth Williams,elizabeth.williams2097@example.com,64,pending,acc_002
Patricia Garcia,patricia.garcia2098@example.com,52,pending,acc_002
Michael Smith,michael.smith2099@example.com,41,active,acc_002
John Johnson,john.johnson2100@example.com,44,pending,acc_001
Jennifer Williams,jennifer.williams2101@example.com,62,active,acc_003
William Miller,william.miller2102@example.com,34,inactive,acc_002
William Davis,william.davis2103@example.com,47,inactive,acc_001
William Johnson,william.johnson2104@example.com,55,pending,acc_002
David Williams,david.williams2105@example.com,21,inactive,acc_003
Elizabeth Martinez,elizabeth.martinez2106@example.com,22,active,acc_001
John Brown,john.brown2107@example.com,63,pending,acc_003
Linda Williams,linda.williams2108@example.com,28,active,acc_002
William Davis,william.davis2109@example.com,43,active,acc_002
Elizabeth Garcia,elizabeth.garcia2110@example.com,41,pending,acc_003
David Williams,david.williams2111@example.com,28,pending,acc_003
John Davis,john.davis2112@example.com,33,active,acc_002
William Smith,william.smith2113@example.com,54,pending,acc_003
Michael Johnson,michael.johnson2114@example.com,57,inactive,acc_001
David Garcia,david.garcia2115@example.com,24,active,acc_003
Elizabeth Smith,elizabeth.smith2116@example.com,35,inactive,acc_002
James Garcia,james.garcia2117@example.com,26,active,acc_002
Michael Miller,michael.miller2118@example.com,26,pending,acc_003
Michael Williams,michael.williams2119@example.com,44,active,acc_003
Barbara Smith,barbara.smith2120@example.com,20,active,acc_003
David Martinez,david.martinez2121@example.com,53,pending,acc_001
Jennifer Davis,jennifer.davis2122@example.com,61,pending,acc_001
Michael Miller,michael.miller2123@example.com,27,inactive,acc_001
David Jones,david.jones2124@example.com,45,pending,acc_002
Barbara Williams,barbara.williams2125@example.com,54,active,acc_002
William Williams,william.williams2126@example.com,33,active,acc_002
Michael Johnson,michael.johnson2127@example.com,64,inactive,acc_003
Barbara Brown,barbara.brown2128@example.com,58,inactive,acc_002
Michael Smith,michael.smith2129@example.com,33,pending,acc_001
Linda Garcia,linda.garcia2130@example.com,65,pending,acc_002
Linda Miller,linda.miller2131@example.com,30,active,acc_001
Robert Brown,robert.brown2132@example.com,19,pending,acc_002
James Miller,james.miller2133@example.com,57,pending,acc_001
Patricia Martinez,patricia.martinez2134@example.com,65,pending,acc_001
Linda Williams,linda.williams2135@example.com,66,pending,acc_003
James Johnson,james.johnson2136@example.com,61,inactive,acc_002
James Brown,james.brown2137@example.com,18,pending,acc_003
David Garcia,david.garcia2138@example.com,36,inactive,acc_001
Jennifer Smith,jennifer.smith2139@example.com,23,active,acc_001
Barbara Rodriguez,barbara.rodriguez2140@example.com,46,active,acc_003
William Martinez,william.martinez2141@example.com,18,pending,acc_002
Jennifer Johnson,jennifer.johnson2142@example.com,53,active,acc_003
James Rodriguez,james.rodriguez2143@example.com,56,pending,acc_002
James Smith,james.smith2144@example.com,62,active,acc_001
David Williams,david.williams2145@example.com,21,pending,acc_003
David Miller,david.miller2146@example.com,62,active,acc_002
Robert Garcia,robert.garcia2147@example.com,28,inactive,acc_002
Linda Johnson,linda.johnson2148@example.com,35,inactive,acc_003
William Garcia,william.garcia2149@example.com,52,active,acc_002
Patricia Johnson,patricia.johnson2150@example.com,26,active,acc_001
Jennifer Jones,jennifer.jones2151@example.com,58,active,acc_002
Jennifer Martinez,jennifer.martinez2152@example.com,27,active,acc_001
Michael Jones,michael.jones2153@example.com,61,pending,acc_001
Mary Brown,mary.brown2154@example.com,51,pending,acc_002
Michael Williams,michael.williams2155@example.com,31,inactive,acc_002
William Brown,william.brown2156@example.com,59,pending,acc_002
Barbara Garcia,barbara.garcia2157@example.com,18,pending,acc_003
David Rodriguez,david.rodriguez2158@example.com,49,active,acc_003
Robert Martinez,robert.martinez2159@example.com,49,pending,acc_001
Patricia Johnson,patricia.johnson2160@example.com,43,inactive,acc_003
Elizabeth Jones,elizabeth.jones2161@example.com,31,inactive,acc_002
John Martinez,john.martinez2162@example.com,54,inactive,acc_002
James Smith,james.smith2163@example.com,59,active,acc_001
Mary Williams,mary.williams2164@example.com,64,active,acc_002
William Rodriguez,william.rodriguez2165@example.com,61,pending,acc_001
Barbara Garcia,barbara.garcia2166@example.com,65,active,acc_003
Michael Rodriguez,michael.rodriguez2167@example.com,52,active,acc_003
Robert Williams,robert.williams2168@example.com,62,active,acc_002
John Johnson,john.johnson2169@example.com,60,active,acc_003
Mary Johnson,mary.johnson2170@example.com,19,active,acc_001
Barbara Brown,barbara.brown2171@example.com,61,active,acc_002
John Miller,john.miller2172@example.com,43,active,acc_001
Mary Rodriguez,mary.rodriguez2173@example.com,52,inactive,acc_001
Patricia Jones,patricia.jones2174@example.com,44,pending,acc_002
Patricia Martinez,patricia.martinez2175@example.com,62,active,acc_002
Jennifer Johnson,jennifer.johnson2176@example.com,51,active,acc_003
John Miller,john.miller2177@example.com,23,active,acc_003
Linda Garcia,linda.garcia2178@example.com,20,active,acc_002
Jennifer Johnson,jennifer.johnson2179@example.com,33,pending,acc_003
David Johnson,david.johnson2180@example.com,45,active,acc_002
Robert Martinez,robert.martinez2181@example.com,39,active,acc_001
Barbara Davis,barbara.davis2182@example.com,62,inactive,acc_003
Jennifer Rodriguez,jennifer.rodriguez2183@example.com,46,active,acc_001
Mary Martinez,mary.martinez2184@example.com,20,active,acc_001
David Brown,david.brown2185@example.com,53,inactive,acc_003
Jennifer Garcia,jennifer.garcia2186@example.com,18,active,acc_002
John Miller,john.miller2187@example.com,67,inactive,acc_003
Michael Johnson,michael.johnson2188@example.com,67,active,acc_002
David Miller,david.miller2189@example.com,34,pending,acc_002
Robert Smith,robert.smith2190@example.com,47,inactive,acc_002
Robert Johnson,robert.johnson2191@example.com,19,active,acc_003
Linda Miller,linda.miller2192@example.com,51,inactive,acc_002
William Smith,william.smith2193@example.com,52,pending,acc_003
James Rodriguez,james.rodriguez2194@example.com,53,active,acc_001
David Martinez,david.martinez2195@example.com,54,active,acc_001
William Davis,william.davis2196@example.com,59,pending,acc_001
Michael Miller,michael.miller2197@example.com,50,active,acc_002
Patricia Smith,patricia.smith2198@example.com,52,active,acc_003
Jennifer Rodriguez,jennifer.rodriguez2199@example.com,62,pending,acc_003
Michael Williams,michael.williams2200@example.com,37,active,acc_003
James Brown,james.brown2201@example.com,58,active,acc_003
Elizabeth Smith,elizabeth.smith2202@example.com,54,pending,acc_003
Michael Garcia,michael.garcia2203@example.com,65,inactive,acc_001
Jennifer Brown,jennifer.brown2204@example.com,31,active,acc_003
William Williams,william.williams2205@example.com,22,pending,acc_002
Robert Davis,robert.davis2206@example.com,63,pending,acc_002
Barbara Brown,barbara.brown2207@example.com,52,active,acc_002
Robert Rodriguez,robert.rodriguez2208@example.com,41,pending,acc_002
Patricia Rodriguez,patricia.rodriguez2209@example.com,29,active,acc_003
Robert Davis,robert.davis2210@example.com,61,inactive,acc_001
John Williams,john.williams2211@example.com,21,active,acc_001
William Brown,william.brown2212@example.com,65,pending,acc_003
Elizabeth Williams,elizabeth.williams2213@example.com,25,pending,acc_003
William Jones,william.jones2214@example.com,34,inactive,acc_001
David Williams,david.williams2215@example.com,23,active,acc_003
William Jones,william.jones2216@example.com,21,pending,acc_002
Barbara Brown,barbara.brown2217@example.com,65,pending,acc_002
Mary Martinez,mary.martinez2218@example.com,43,inactive,acc_001
Linda Davis,linda.davis2219@example.com,60,active,acc_001
William Davis,william.davis2220@example.com,39,inactive,acc_002
Michael Johnson,michael.johnson2221@example.com,52,pending,acc_003
Linda Martinez,linda.martinez2222@example.com,18,inactive,acc_001
Barbara Martinez,barbara.martinez2223@example.com,24,active,acc_001
Robert Martinez,robert.martinez2224@example.com,40,pending,acc_001
Linda Miller,linda.miller2225@example.com,48,active,acc_001
Barbara Brown,barbara.brown2226@example.com,27,pending,acc_001
Mary Martinez,mary.martinez2227@example.com,29,inactive,acc_003
Linda Miller,linda.miller2228@example.com,50,inactive,acc_002
David Johnson,david.johnson2229@example.com,66,pending,acc_002
William Williams,william.williams2230@example.com,60,active,acc_003
William Smith,william.smith2231@example.com,22,inactive,acc_002
William Davis,william.davis2232@example.com,55,active,acc_003
John Jones,john.jones2233@example.com,43,pending,acc_001
Patricia Jones,patricia.jones2234@example.com,45,inactive,acc_001
Michael Johnson,michael.johnson2235@example.com,47,active,acc_002
Elizabeth Rodriguez,elizabeth.rodriguez2236@example.com,49,active,acc_001
Barbara Garcia,barbara.garcia2237@example.com,50,active,acc_001
Elizabeth Garcia,elizabeth.garcia2238@example.com,20,inactive,acc_002
Mary Garcia,mary.garcia2239@example.com,32,active,acc_003
Jennifer Garcia,jennifer.garcia2240@example.com,39,inactive,acc_001
Michael Smith,michael.smith2241@example.com,21,inactive,acc_001
Barbara Miller,barbara.miller2242@example.com,25,inactive,acc_002
Jennifer Rodriguez,jennifer.rodriguez2243@example.com,33,active,acc_001
David Rodriguez,david.rodriguez2244@example.com,59,active,acc_001
Jennifer Martinez,jennifer.martinez2245@example.com,31,pending,acc_002
Linda Davis,linda.davis2246@example.com,48,active,acc_002
William Jones,william.jones2247@example.com,19,pending,acc_003
David Williams,david.williams2248@example.com,20,active,acc_003
James Johnson,james.johnson2249@example.com,20,pending,acc_001
Elizabeth Williams,elizabeth.williams2250@example.com,22,pending,acc_002
Robert Williams,robert.williams2251@example.com,47,inactive,acc_001
John Rodriguez,john.rodriguez2252@example.com,65,pending,acc_002
James Miller,james.miller2253@example.com,40,pending,acc_001
David Smith,david.smith2254@example.com,66,active,acc_001
Jennifer Johnson,jennifer.johnson2255@example.com,65,active,acc_002
Barbara Rodriguez,barbara.rodriguez2256@example.com,39,pending,acc_002
Barbara Garcia,barbara.garcia2257@example.com,30,inactive,acc_003
John Johnson,john.johnson2258@example.com,30,active,acc_001
John Rodriguez,john.rodriguez2259@example.com,40,inactive,acc_001
David Garcia,david.garcia2260@example.com,23,inactive,acc_001
Jennifer Davis,jennifer.davis2261@example.com,64,inactive,acc_002
Linda Johnson,linda.johnson2262@example.com,30,inactive,acc_003
Jennifer Brown,jennifer.brown2263@example.com,57,active,acc_003
Patricia Smith,patricia.smith2264@example.com,65,pending,acc_003
David Jones,david.jones2265@example.com,48,active,acc_001
John Davis,john.davis2266@example.com,47,active,acc_003
William Brown,william.brown2267@example.com,48,inactive,acc_001
Jennifer Miller,jennifer.miller2268@example.com,47,inactive,acc_001
William Johnson,william.johnson2269@example.com,56,inactive,acc_003
Mary Rodriguez,mary.rodriguez2270@example.com,66,inactive,acc_003
Jennifer Davis,jennifer.davis2271@example.com,60,active,acc_003
John Johnson,john.johnson2272@example.com,64,active,acc_002
Jennifer Davis,jennifer.davis2273@example.com,48,active,acc_001
Mary Garcia,mary.garcia2274@example.com,57,active,acc_001
Barbara Brown,barbara.brown2275@example.com,57,active,acc_001
William Martinez,william.martinez2276@example.com,60,inactive,acc_003
Robert Davis,robert.davis2277@example.com,44,inactive,acc_002
Mary Jones,mary.jones2278@example.com,53,pending,acc_001
Jennifer Garcia,jennifer.garcia2279@example.com,34,pending,acc_002
John Williams,john.williams2280@example.com,58,pending,acc_002
John Johnson,john.johnson2281@example.com,46,active,acc_001
William Garcia,william.garcia2282@example.com,22,active,acc_002
Barbara Brown,barbara.brown2283@example.com,22,inactive,acc_003
Patricia Martinez,patricia.martinez2284@example.com,65,inactive,acc_001
William Davis,william.davis2285@example.com,46,inactive,acc_003
James Smith,james.smith2286@example.com,47,inactive,acc_002
Patricia Smith,patricia.smith2287@example.com,52,inactive,acc_002
William Rodriguez,william.rodriguez2288@example.com,36,inactive,acc_003
John Davis,john.davis2289@example.com,66,inactive,acc_003
Michael Williams,michael.williams2290@example.com,40,inactive,acc_003
James Miller,james.miller2291@example.com,64,inactive,acc_001
Michael Jones,michael.jones2292@example.com,49,pending,acc_001
Jennifer Garcia,jennifer.garcia2293@example.com,33,active,acc_003
Patricia Miller,patricia.miller2294@example.com,34,inactive,acc_001
Elizabeth Brown,elizabeth.brown2295@example.com,23,inactive,acc_002
Linda Johnson,linda.johnson2296@example.com,48,pending,acc_001
Mary Jones,mary.jones2297@example.com,20,inactive,acc_002
Jennifer Williams,jennifer.williams2298@example.com,28,active,acc_001
Robert Johnson,robert.johnson2299@example.com,40,inactive,acc_001
William Davis,william.davis2300@example.com,51,pending,acc_002
Linda Williams,linda.williams2301@example.com,67,pending,acc_001
Elizabeth Miller,elizabeth.miller2302@example.com,66,active,acc_001
Michael Johnson,michael.johnson2303@example.com,43,pending,acc_003
Elizabeth Smith,elizabeth.smith2304@example.com,46,inactive,acc_003
David Davis,david.davis2305@example.com,65,inactive,acc_003
Mary Smith,mary.smith2306@example.com,23,active,acc_003
Linda Rodriguez,linda.rodriguez2307@example.com,43,active,acc_002
Mary Miller,mary.miller2308@example.com,34,active,acc_002
William Williams,william.williams2309@example.com,33,inactive,acc_002
Michael Rodriguez,michael.rodriguez2310@example.com,35,inactive,acc_003
Robert Rodriguez,robert.rodriguez2311@example.com,57,active,acc_003
Patricia Smith,patricia.smith2312@example.com,60,pending,acc_002
John Rodriguez,john.rodriguez2313@example.com,41,active,acc_002
Jennifer Garcia,jennifer.garcia2314@example.com,21,inactive,acc_002
Mary Smith,mary.smith2315@example.com,18,inactive,acc_001
Mary Williams,mary.williams2316@example.com,52,pending,acc_001
John Jones,john.jones2317@example.com,52,active,acc_001
Jennifer Williams,jennifer.williams2318@example.com,61,pending,acc_002
David Davis,david.davis2319@example.com,49,pending,acc_001
David Davis,david.davis2320@example.com,33,inactive,acc_001
Jennifer Brown,jennifer.brown2321@example.com,48,active,acc_001
Patricia Rodriguez,patricia.rodriguez2322@example.com,65,pending,acc_002
Jennifer Martinez,jennifer.martinez2323@example.com,18,active,acc_001
Elizabeth Brown,elizabeth.brown2324@example.com,44,inactive,acc_003
Elizabeth Williams,elizabeth.williams2325@example.com,38,active,acc_003
Linda Martinez,linda.martinez2326@example.com,26,pending,acc_001
Jennifer Martinez,jennifer.martinez2327@example.com,35,inactive,acc_002
Robert Davis,robert.davis2328@example.com,22,pending,acc_002
John Rodriguez,john.rodriguez2329@example.com,46,active,acc_002
John Rodriguez,john.rodriguez2330@example.com,62,inactive,acc_002
Robert Miller,robert.miller2331@example.com,57,active,acc_003
Robert Miller,robert.miller2332@example.com,46,active,acc_001
Linda Martinez,linda.martinez2333@example.com,39,active,acc_002
James Johnson,james.johnson2334@example.com,66,pending,acc_003
James Rodriguez,james.rodriguez2335@example.com,27,pending,acc_001
William Jones,william.jones2336@example.com,60,active,acc_001
Elizabeth Martinez,elizabeth.martinez2337@example.com,37,active,acc_001
James Martinez,james.martinez2338@example.com,52,inactive,acc_003
Linda Garcia,linda.garcia2339@example.com,61,active,acc_003
Patricia Johnson,patricia.johnson2340@example.com,67,active,acc_001
Michael Rodriguez,michael.rodriguez2341@example.com,57,active,acc_003
Jennifer Martinez,jennifer.martinez2342@example.com,47,active,acc_003
Barbara Smith,barbara.smith2343@example.com,25,pending,acc_002
Barbara Johnson,barbara.johnson2344@example.com,64,pending,acc_002
William Davis,william.davis2345@example.com,32,pending,acc_003
Barbara Smith,barbara.smith2346@example.com,38,inactive,acc_003
James Jones,james.jones2347@example.com,36,active,acc_001
Robert Martinez,robert.martinez2348@example.com,51,inactive,acc_001
David Garcia,david.garcia2349@example.com,54,inactive,acc_001
Jennifer Garcia,jennifer.garcia2350@example.com,36,pending,acc_002
Linda Garcia,linda.garcia2351@example.com,27,pending,acc_001
William Williams,william.williams2352@example.com,38,inactive,acc_001
Jennifer Miller,jennifer.miller2353@example.com,35,active,acc_003
Mary Martinez,mary.martinez2354@example.com,30,inactive,acc_002
Mary Martinez,mary.martinez2355@example.com,28,inactive,acc_003
Michael Martinez,michael.martinez2356@example.com,26,active,acc_002
Barbara Rodriguez,barbara.rodriguez2357@example.com,52,pending,acc_003
Linda Smith,linda.smith2358@example.com,51,inactive,acc_003
John Brown,john.brown2359@example.com,21,pending,acc_002
Jennifer Jones,jennifer.jones2360@example.com,56,active,acc_001
Patricia Brown,patricia.brown2361@example.com,46,inactive,acc_003
Barbara Smith,barbara.smith2362@example.com,31,inactive,acc_001
William Rodriguez,william.rodriguez2363@example.com,40,active,acc_002
Robert Garcia,robert.garcia2364@example.com,26,inactive,acc_003
James Rodriguez,james.rodriguez2365@example.com,43,inactive,acc_001
James Martinez,james.martinez2366@example.com,54,pending,acc_001
David Jones,david.jones2367@example.com,33,pending,acc_001
James Jones,james.jones2368@example.com,54,pending,acc_001
Barbara Jones,barbara.jones2369@example.com,24,pending,acc_001
William Jones,william.jones2370@example.com,56,inactive,acc_001
William Smith,william.smith2371@example.com,42,pending,acc_001
William Miller,william.miller2372@example.com,34,inactive,acc_003
Robert Garcia,robert.garcia2373@example.com,66,inactive,acc_003
David Jones,david.jones2374@example.com,41,pending,acc_001
Linda Johnson,linda.johnson2375@example.com,62,inactive,acc_003
James Martinez,james.martinez2376@example.com,53,inactive,acc_003
David Johnson,david.johnson2377@example.com,18,active,acc_003
Patricia Martinez,patricia.martinez2378@example.com,57,pending,acc_001
Mary Rodriguez,mary.rodriguez2379@example.com,67,active,acc_002
Barbara Davis,barbara.davis2380@example.com,50,pending,acc_001
Patricia Johnson,patricia.johnson2381@example.com,49,inactive,acc_002
Patricia Rodriguez,patricia.rodriguez2382@example.com,37,inactive,acc_003
Linda Rodriguez,linda.rodriguez2383@example.com,63,active,acc_002
Michael Johnson,michael.johnson2384@example.com,44,pending,acc_003
Patricia Martinez,patricia.martinez2385@example.com,61,pending,acc_003
Barbara Davis,barbara.davis2386@example.com,20,inactive,acc_001
William Williams,william.williams2387@example.com,62,pending,acc_002
Elizabeth Miller,elizabeth.miller2388@example.com,49,active,acc_002
James Smith,james.smith2389@example.com,63,pending,acc_002
Robert Garcia,robert.garcia2390@example.com,31,active,acc_001
William Miller,william.miller2391@example.com,23,active,acc_001
Linda Rodriguez,linda.rodriguez2392@example.com,63,active,acc_003
Jennifer Miller,jennifer.miller2393@example.com,54,pending,acc_002
Jennifer Brown,jennifer.brown2394@example.com,46,pending,acc_001
James Davis,james.davis2395@example.com,26,inactive,acc_003
James Miller,james.miller2396@example.com,27,inactive,acc_001
Linda Williams,linda.williams2397@example.com,53,pending,acc_001
Jennifer Brown,jennifer.brown2398@example.com,63,pending,acc_003
William Davis,william.davis2399@example.com,27,inactive,acc_003
Barbara Rodriguez,barbara.rodriguez2400@example.com,44,inactive,acc_001
Barbara Smith,barbara.smith2401@example.com,65,active,acc_003
Jennifer Johnson,jennifer.johnson2402@example.com,33,pending,acc_002
Patricia Williams,patricia.williams2403@example.com,49,inactive,acc_002
Robert Williams,robert.williams2404@example.com,63,active,acc_003
Michael Garcia,michael.garcia2405@example.com,64,active,acc_001
Linda Rodriguez,linda.rodriguez2406@example.com,24,inactive,acc_002
Jennifer Miller,jennifer.miller2407@example.com,66,pending,acc_001
John Williams,john.williams2408@example.com,46,pending,acc_002
David Garcia,david.garcia2409@example.com,24,inactive,acc_001
Elizabeth Davis,elizabeth.davis2410@example.com,39,inactive,acc_002
Patricia Garcia,patricia.garcia2411@example.com,54,active,acc_001
Barbara Martinez,barbara.martinez2412@example.com,24,active,acc_003
Mary Jones,mary.jones2413@example.com,42,active,acc_002
Linda Jones,linda.jones2414@example.com,46,inactive,acc_001
Elizabeth Martinez,elizabeth.martinez2415@example.com,28,inactive,acc_003
Mary Johnson,mary.johnson2416@example.com,45,inactive,acc_003
Barbara Johnson,barbara.johnson2417@example.com,22,pending,acc_001
John Smith,john.smith2418@example.com,44,active,acc_003
John Garcia,john.garcia2419@example.com,27,active,acc_003
Michael Davis,michael.davis2420@example.com,62,inactive,acc_003
John Garcia,john.garcia2421@example.com,19,inactive,acc_003
James Martinez,james.martinez2422@example.com,38,active,acc_001
Barbara Johnson,barbara.johnson2423@example.com,44,inactive,acc_002
John Johnson,john.johnson2424@example.com,22,active,acc_001
David Rodriguez,david.rodriguez2425@example.com,32,pending,acc_002
David Martinez,david.martinez2426@example.com,60,inactive,acc_002
Barbara Williams,barbara.williams2427@example.com,23,inactive,acc_001
John Smith,john.smith2428@example.com,66,inactive,acc_002
Michael Miller,michael.miller2429@example.com,50,inactive,acc_003
Patricia Davis,patricia.davis2430@example.com,48,inactive,acc_003
James Miller,james.miller2431@example.com,23,active,acc_003
Barbara Brown,barbara.brown2432@example.com,59,active,acc_002
Jennifer Garcia,jennifer.garcia2433@example.com,44,pending,acc_002
Barbara Brown,barbara.brown2434@example.com,49,inactive,acc_003
John Martinez,john.martinez2435@example.com,18,active,acc_001
David Brown,david.brown2436@example.com,31,pending,acc_002
Mary Miller,mary.miller2437@example.com,49,inactive,acc_001
William Brown,william.brown2438@example.com,50,active,acc_003
John Jones,john.jones2439@example.com,30,inactive,acc_002
Linda Jones,linda.jones2440@example.com,34,pending,acc_001
William Martinez,william.martinez2441@example.com,24,active,acc_003
Barbara Martinez,barbara.martinez2442@example.com,35,pending,acc_003
Linda Garcia,linda.garcia2443@example.com,52,inactive,acc_002
Michael Smith,michael.smith2444@example.com,30,active,acc_001
Jennifer Brown,jennifer.brown2445@example.com,62,active,acc_002
Robert Martinez,robert.martinez2446@example.com,57,inactive,acc_001
John Smith,john.smith2447@example.com,51,pending,acc_002
Michael Martinez,michael.martinez2448@example.com,61,pending,acc_003
John Johnson,john.johnson2449@example.com,20,pending,acc_003
Mary Johnson,mary.johnson2450@example.com,25,pending,acc_002
Elizabeth Brown,elizabeth.brown2451@example.com,30,active,acc_001
Elizabeth Martinez,elizabeth.martinez2452@example.com,30,active,acc_003
David Jones,david.jones2453@example.com,67,active,acc_002
Elizabeth Johnson,elizabeth.johnson2454@example.com,61,pending,acc_003
Barbara Jones,barbara.jones2455@example.com,39,pending,acc_003
James Jones,james.jones2456@example.com,54,inactive,acc_002
William Garcia,william.garcia2457@example.com,33,pending,acc_003
Michael Williams,michael.williams2458@example.com,29,pending,acc_002
John Davis,john.davis2459@example.com,31,inactive,acc_002
Elizabeth Rodriguez,elizabeth.rodriguez2460@example.com,52,inactive,acc_002
Patricia Davis,patricia.davis2461@example.com,26,inactive,acc_003
Michael Davis,michael.davis2462@example.com,32,inactive,acc_001
Patricia Smith,patricia.smith2463@example.com,63,active,acc_003
Patricia Brown,patricia.brown2464@example.com,27,active,acc_003
Patricia Brown,patricia.brown2465@example.com,61,inactive,acc_003
Jennifer Williams,jennifer.williams2466@example.com,33,inactive,acc_001
David Rodriguez,david.rodriguez2467@example.com,19,active,acc_003
Linda Williams,linda.williams2468@example.com,52,pending,acc_001
Patricia Jones,patricia.jones2469@example.com,41,inactive,acc_003
Michael Martinez,michael.martinez2470@example.com,64,active,acc_001
Patricia Garcia,patricia.garcia2471@example.com,18,pending,acc_001
William Johnson,william.johnson2472@example.com,44,inactive,acc_002
John Jones,john.jones2473@example.com,57,pending,acc_003
Patricia Johnson,patricia.johnson2474@example.com,36,active,acc_003
James Martinez,james.martinez2475@example.com,66,inactive,acc_001
Jennifer Miller,jennifer.miller2476@example.com,66,pending,acc_003
Patricia Miller,patricia.miller2477@example.com,31,active,acc_001
Jennifer Brown,jennifer.brown2478@example.com,59,pending,acc_001
Barbara Brown,barbara.brown2479@example.com,59,active,acc_003
Patricia Jones,patricia.jones2480@example.com,65,inactive,acc_001
Jennifer Smith,jennifer.smith2481@example.com,40,active,acc_003
John Smith,john.smith2482@example.com,62,active,acc_003
James Smith,james.smith2483@example.com,60,pending,acc_003
John Rodriguez,john.rodriguez2484@example.com,62,pending,acc_002
James Brown,james.brown2485@example.com,34,active,acc_001
John Miller,john.miller2486@example.com,66,inactive,acc_002
David Garcia,david.garcia2487@example.com,45,active,acc_002
James Miller,james.miller2488@example.com,18,pending,acc_001
William Brown,william.brown2489@example.com,39,active,acc_001
Linda Miller,linda.miller2490@example.com,35,pending,acc_002
Michael Brown,michael.brown2491@example.com,29,inactive,acc_002
Barbara Davis,barbara.davis2492@example.com,18,active,acc_003
John Johnson,john.johnson2493@example.com,32,pending,acc_003
William Johnson,william.johnson2494@example.com,38,active,acc_003
Mary Smith,mary.smith2495@example.com,51,pending,acc_001
John Garcia,john.garcia2496@example.com,54,inactive,acc_001
John Martinez,john.martinez2497@example.com,37,inactive,acc_002
William Johnson,william.johnson2498@example.com,54,inactive,acc_002
John Rodriguez,john.rodriguez2499@example.com,56,pending,acc_002